sub,original_shape_Elongation,original_shape_Flatness,original_shape_LeastAxisLength,original_shape_MajorAxisLength,original_shape_Maximum2DDiameterColumn,original_shape_Maximum2DDiameterRow,original_shape_Maximum2DDiameterSlice,original_shape_Maximum3DDiameter,original_shape_MeshVolume,original_shape_MinorAxisLength,original_shape_Sphericity,original_shape_SurfaceArea,original_shape_SurfaceVolumeRatio,original_shape_VoxelVolume,original_firstorder_10Percentile,original_firstorder_90Percentile,original_firstorder_Energy,original_firstorder_Entropy,original_firstorder_InterquartileRange,original_firstorder_Kurtosis,original_firstorder_Maximum,original_firstorder_MeanAbsoluteDeviation,original_firstorder_Mean,original_firstorder_Median,original_firstorder_Minimum,original_firstorder_Range,original_firstorder_RobustMeanAbsoluteDeviation,original_firstorder_RootMeanSquared,original_firstorder_Skewness,original_firstorder_TotalEnergy,original_firstorder_Uniformity,original_firstorder_Variance,original_glcm_Autocorrelation,original_glcm_ClusterProminence,original_glcm_ClusterShade,original_glcm_ClusterTendency,original_glcm_Contrast,original_glcm_Correlation,original_glcm_DifferenceAverage,original_glcm_DifferenceEntropy,original_glcm_DifferenceVariance,original_glcm_Id,original_glcm_Idm,original_glcm_Idmn,original_glcm_Idn,original_glcm_Imc1,original_glcm_Imc2,original_glcm_InverseVariance,original_glcm_JointAverage,original_glcm_JointEnergy,original_glcm_JointEntropy,original_glcm_MCC,original_glcm_MaximumProbability,original_glcm_SumAverage,original_glcm_SumEntropy,original_glcm_SumSquares,original_glrlm_GrayLevelNonUniformity,original_glrlm_GrayLevelNonUniformityNormalized,original_glrlm_GrayLevelVariance,original_glrlm_HighGrayLevelRunEmphasis,original_glrlm_LongRunEmphasis,original_glrlm_LongRunHighGrayLevelEmphasis,original_glrlm_LongRunLowGrayLevelEmphasis,original_glrlm_LowGrayLevelRunEmphasis,original_glrlm_RunEntropy,original_glrlm_RunLengthNonUniformity,original_glrlm_RunLengthNonUniformityNormalized,original_glrlm_RunPercentage,original_glrlm_RunVariance,original_glrlm_ShortRunEmphasis,original_glrlm_ShortRunHighGrayLevelEmphasis,original_glrlm_ShortRunLowGrayLevelEmphasis,original_glszm_GrayLevelNonUniformity,original_glszm_GrayLevelNonUniformityNormalized,original_glszm_GrayLevelVariance,original_glszm_HighGrayLevelZoneEmphasis,original_glszm_LargeAreaEmphasis,original_glszm_LargeAreaHighGrayLevelEmphasis,original_glszm_LargeAreaLowGrayLevelEmphasis,original_glszm_LowGrayLevelZoneEmphasis,original_glszm_SizeZoneNonUniformity,original_glszm_SizeZoneNonUniformityNormalized,original_glszm_SmallAreaEmphasis,original_glszm_SmallAreaHighGrayLevelEmphasis,original_glszm_SmallAreaLowGrayLevelEmphasis,original_glszm_ZoneEntropy,original_glszm_ZonePercentage,original_glszm_ZoneVariance,original_gldm_DependenceEntropy,original_gldm_DependenceNonUniformity,original_gldm_DependenceNonUniformityNormalized,original_gldm_DependenceVariance,original_gldm_GrayLevelNonUniformity,original_gldm_GrayLevelVariance,original_gldm_HighGrayLevelEmphasis,original_gldm_LargeDependenceEmphasis,original_gldm_LargeDependenceHighGrayLevelEmphasis,original_gldm_LargeDependenceLowGrayLevelEmphasis,original_gldm_LowGrayLevelEmphasis,original_gldm_SmallDependenceEmphasis,original_gldm_SmallDependenceHighGrayLevelEmphasis,original_gldm_SmallDependenceLowGrayLevelEmphasis,original_ngtdm_Busyness,original_ngtdm_Coarseness,original_ngtdm_Complexity,original_ngtdm_Contrast,original_ngtdm_Strength,outcome
MSHS001,0.8270228,0.695133923,108.1477744,155.5783293,168.4666139,166.5953181,139.1294361,170.7190675,703586,128.6668254,0.103433842,369856.2199,0.52567308,699941,9.269573212,19.54475784,160389054.4,4.083460668,5.145492554,6.158978005,51.77045822,3.29808773,14.4761809,14.42109489,5.79E-05,51.7704003,2.154488155,15.13758681,0.523845779,160389054.4,0.073344442,19.5867209,215.7992748,24457.1375,380.1165605,52.01851755,20.73279752,0.430551375,3.469018787,3.30774554,8.629047439,0.346680684,0.256357939,0.991968835,0.937781502,-0.038241846,0.505669263,0.26328342,14.42142331,0.006245243,7.985322646,0.821173551,0.014220967,28.84284662,4.791007971,18.18782877,46040.40737,0.07170328,18.9398157,228.684875,1.290092096,292.7532491,0.011746045,0.0097718,4.551638466,545412.4983,0.849246881,0.917353254,0.101362585,0.937732424,214.9206684,0.009338151,11034.68317,0.051983451,30.74318641,242.1855535,492.7998992,100736.2738,2.560143723,0.014767978,84663.81812,0.398844027,0.656689736,163.5798154,0.010979311,6.61839919,0.303272704,481.9273007,6.655983865,123173.6261,0.175977155,3.054104689,51336.78209,18.3443786,228.0438794,12.96914311,2862.856162,0.086802821,0.009532193,0.281780682,68.15342442,0.004021797,89.5648142,1.06E-05,3235.020058,0.037945227,0.019018375,0
MSHS002,0.798554078,0.657773914,105.3105587,160.101452,156.5247584,171.7672844,139.2012931,174.9457059,661998.6667,127.8496674,0.102125389,359684.5733,0.543331265,662650,9.431791019,20.88180199,167449868.6,4.243928863,5.587549686,4.475917857,50.91976547,3.612322836,15.15889228,15.04256582,5.56E-05,50.91970984,2.35487372,15.89645571,0.383641209,167449868.6,0.065662481,22.90528893,245.3519852,17734.08447,218.1863541,64.12295568,21.51611945,0.497662159,3.455862882,3.315427499,9.499746476,0.35179458,0.26281869,0.99173236,0.938227727,-0.056382906,0.604880409,0.269463444,15.3199263,0.005469644,8.205033674,0.511963646,0.013114557,30.6398526,5.014579238,21.40976878,38962.39911,0.064265954,22.94360934,259.7874422,1.300258525,334.4635086,0.010584576,0.008771597,4.723368711,512519.2211,0.845177508,0.914905072,0.10511199,0.935877572,243.8271534,0.008376154,9136.132414,0.046345488,38.2811656,281.1919485,441.7084883,106695.8362,1.985076891,0.013282462,79460.13687,0.403082909,0.660293337,193.87557,0.009713053,6.802412006,0.29748887,430.4090057,6.881937662,113488.8695,0.171265177,3.237543482,43511.24311,22.1618658,258.8506995,13.55749491,3376.304858,0.079589379,0.008543525,0.277607889,78.10377398,0.00352027,76.20391183,1.22E-05,3037.402844,0.045339606,0.019425034,0
MSHS003,0.841258592,0.706932619,113.538894,160.6078018,156.6684397,170.6516921,153.4470593,171.97965,781350.0833,135.1126933,0.101688312,403438.0543,0.516334564,779447,8.982756996,21.74718895,210376200.2,4.369552147,6.463452339,3.834035655,51.00245667,4.005330029,15.59295494,15.75412369,0.00022269,51.00223398,2.698534808,16.42876844,0.033913941,210376200.2,0.058418021,26.76418873,259.7482385,23668.04218,139.3022268,73.46666025,26.24806437,0.474010251,3.941642455,3.470878695,10.60629917,0.321373043,0.228986698,0.989889154,0.930118501,-0.046588534,0.564700628,0.236344475,15.74621911,0.004178289,8.486430814,0.631596943,0.009413135,31.49243822,5.119947217,24.92868115,41540.80196,0.057452075,26.47029609,275.2249552,1.248708663,342.9714785,0.012791741,0.011080755,4.787916106,626554.2528,0.866382255,0.927639823,0.08624197,0.945436756,260.3695035,0.010693904,12238.51541,0.044655358,38.82419577,280.598407,63.83545204,17386.33701,0.306718194,0.016768686,107423.2824,0.391961361,0.650847036,185.7512408,0.012535051,6.826145248,0.351615953,55.74704764,6.831284407,152275.409,0.195363391,2.502058235,45533.75149,25.80337663,275.015579,10.80432024,2947.619682,0.072811708,0.010783118,0.314367122,88.53249925,0.005184868,88.01973938,1.02E-05,3595.199684,0.056969446,0.015578418,0
MSHS004,0.789047492,0.697436341,115.2759909,165.285323,179.4240787,175.5135322,149.4657151,181.8625855,743333.5417,130.4179696,0.094530695,419791.6146,0.564741924,740372,9.347180843,20.34585094,178288452.1,4.157439814,5.47988224,4.634244052,51.75735474,3.46912081,14.83239096,14.72228432,0.000306005,51.75704873,2.295913767,15.51803097,0.355155164,178288452.1,0.06892542,20.80946362,226.9639642,16992.84782,241.9609483,55.74963373,21.50025852,0.443837192,3.547497702,3.335906612,8.850774134,0.341950214,0.251179402,0.991672621,0.936471029,-0.041540067,0.529813708,0.258040905,14.77841169,0.0055405,8.126807432,0.653890144,0.012922474,29.55682338,4.899596759,19.31247306,46037.63066,0.067553999,20.11427023,240.1740048,1.277334854,304.0424402,0.010718274,0.008979849,4.610838244,582355.3098,0.854369838,0.920467632,0.096678994,0.9400606,226.342561,0.008597084,11748.58278,0.049983335,31.90473468,255.271589,204.2295767,44222.60062,1.050392125,0.01332236,95286.15541,0.405386749,0.662150877,173.8444208,0.010018779,6.651893071,0.317475539,194.3080282,6.713695531,133781.8034,0.180695385,2.906998716,51030.45069,19.50467588,239.4034607,12.31865062,2831.489728,0.076429802,0.008768124,0.293358861,74.76447816,0.003814598,91.32447698,1.00E-05,3443.396593,0.039785105,0.018466395,0
MSHS005,0.808537213,0.672157255,111.0313615,165.186585,164.5387492,175.5591069,145,178.9133869,747381.6667,133.559501,0.094818392,420035.9834,0.562010017,743355,10.31181374,20.53387375,193942185,3.932572305,5.090570927,6.700144497,57.77758026,3.30432568,15.5162621,15.42581749,0.000414422,57.77716584,2.132783744,16.15243525,0.684353966,193942185,0.082381721,20.14677488,198.4891412,18090.27928,345.1180537,42.99160306,17.49071284,0.422212462,3.156985792,3.190028568,7.46411126,0.367066025,0.279413974,0.993201623,0.942952789,-0.037750244,0.494166692,0.285080649,13.86050877,0.007833331,7.696399395,0.783166456,0.017757448,27.72101755,4.634281588,15.12057898,54189.81288,0.080206029,15.76726792,209.923539,1.325721642,275.4114154,0.011102108,0.008972359,4.440650082,564586.0884,0.835402995,0.908885443,0.114555904,0.931365471,196.1051441,0.008515872,11229.29437,0.05547714,27.87701293,226.9493955,2727.822309,524757.8292,14.5232083,0.013659819,81492.61594,0.402605643,0.659811157,154.6992534,0.010108795,6.522691846,0.272296547,2714.335297,6.594726806,120823.625,0.162538256,3.532018812,61238.86436,15.16898591,209.1256654,14.88203483,2987.28345,0.09585047,0.008754769,0.25923574,58.50039133,0.003383923,94.36011055,9.88E-06,3177.179713,0.027499021,0.021647586,0
MSHS006,0.831684911,0.692968278,114.5026405,165.2350391,171.7323499,178.8686669,145.4166428,180.2165364,766600.0833,137.4234888,0.095667534,423414.2316,0.552327401,762553,10.10244789,22.84121628,231617131.5,4.064792816,6.422698021,5.324480339,64.4103241,4.05885904,16.58007678,16.52348137,0.000668783,64.40965531,2.68473368,17.4281112,0.466141817,231617131.5,0.073491414,28.84011414,185.6882075,17603.92249,262.0868067,51.2825464,17.38384022,0.493932776,3.156135555,3.185003685,7.343620962,0.366327416,0.278446386,0.993241041,0.94293867,-0.05363688,0.579564796,0.284371408,13.31213695,0.006604171,7.883211697,0.739700186,0.014867333,26.6242739,4.820408486,17.16659666,49884.72038,0.071962059,18.04180021,197.0162915,1.324794562,258.2076849,0.014674886,0.011770883,4.567955884,579377.3105,0.835518578,0.909057822,0.114017137,0.931414195,184.0701075,0.011146044,10840.00472,0.052334811,29.6699665,213.8244371,935.5513644,172558.6634,5.443116042,0.017172195,80836.19966,0.390271714,0.649519638,144.0359073,0.012174567,6.675719118,0.271624399,921.9975216,6.770629707,124784.1973,0.163640032,3.481647689,56041.09814,17.462725,196.2453784,14.80148527,2784.600931,0.129589225,0.011519796,0.256754757,54.61442519,0.004168828,96.87355126,1.03E-05,3206.225184,0.031421744,0.02218105,0
MSHS007,0.742987475,0.678162258,114.2567372,168.479941,167.8362297,176.283862,150.7116452,179.516016,790581.0833,125.1784859,0.104234181,396678.1174,0.501755134,785105,10.29441719,25.33221626,279157520.9,3.901656914,7.361049652,6.647591719,85.0694809,4.813776463,17.69690723,17.22934723,0.000312385,85.06916851,3.098663481,18.85648738,0.978085456,279157520.9,0.083694718,42.38659086,127.8274268,19651.66743,434.6666804,49.82697732,9.640964156,0.67610257,2.339135384,2.796481565,4.130920917,0.42668761,0.348291296,0.996206452,0.956688035,-0.107619702,0.747602428,0.348846426,10.85268608,0.009574113,7.38466231,0.799166985,0.021912512,21.70537215,4.748552706,14.86698537,56258.78768,0.081763851,15.24906429,134.7444492,1.471070016,193.5380448,0.023697305,0.016942304,4.540244786,539133.6933,0.78314274,0.876385667,0.167827256,0.90633666,122.969063,0.01557652,7619.419851,0.057094834,26.29881296,160.4420466,50151.07006,5671588.671,459.770466,0.025237064,52921.04884,0.396554932,0.654806189,108.3430651,0.017109791,6.559970121,0.169979812,50116.45976,6.94646577,102273.6418,0.13026747,5.10557635,65709.14118,14.72654358,133.5640761,22.86314187,2826.486898,0.325298299,0.016633674,0.18080053,27.80065072,0.004069513,108.1589627,1.14E-05,2452.848995,0.020157083,0.032422715,0
MSHS008,0.898125012,0.64662443,107.7160455,166.5820846,183.839604,181.7278185,160.7015868,185.4669782,835225.5417,149.6115367,0.090743356,472648.6952,0.565893488,833787,8.320231056,24.31499748,272684829,4.236997067,7.57071352,5.406248631,70.65525818,5.064018355,16.73426065,16.76250648,2.09E-05,70.65523728,3.209895652,18.08435103,0.510174737,272684829,0.066395871,47.00827273,166.6807429,35902.73621,377.8196983,76.42700105,18.17366748,0.61643928,3.170405017,3.204917391,8.050687875,0.369909958,0.283261751,0.992972418,0.942870664,-0.086988285,0.715479494,0.287194324,12.33358301,0.005927726,8.097667749,0.661770829,0.014247011,24.66716602,5.060897769,23.65016713,49369.88591,0.065321599,23.97325607,177.5550245,1.33739368,231.2457755,0.043908281,0.026913694,4.742091704,629010.7078,0.832006522,0.906444378,0.119659498,0.929763558,166.1856298,0.024001733,10894.19852,0.048631341,36.46617754,201.8167586,1545.155663,132679.0518,429.4777957,0.024968975,87684.9316,0.391422629,0.650477976,137.7383048,0.018059039,6.785658568,0.268672934,1531.302397,6.973672454,133293.739,0.159865456,3.855077792,55360.01439,23.59530179,175.9512885,15.63676455,2429.432986,1.000605923,0.028700957,0.254158288,50.8370039,0.006425168,107.8863498,1.04E-05,3219.910616,0.04213263,0.022203018,0
MSHS009,0.747568016,0.680961108,111.28587,163.4247077,162.8741846,172.0116275,143.0314651,175.6445274,683248.25,122.1710846,0.097292812,385587.0046,0.564343933,682833,9.875649643,22.17137146,192578882.3,4.181414467,6.0443573,4.617645224,57.24147797,3.904988111,15.97428767,15.73470783,0.000981941,57.24049603,2.544019365,16.79372666,0.542835936,192578882.3,0.068529399,26.85138867,216.5839694,18771.2727,333.8837183,60.40051894,21.60951708,0.473538443,3.492875079,3.32450428,9.329496595,0.348066553,0.258380639,0.9916752,0.937543153,-0.048636177,0.565944567,0.265150346,14.38353376,0.005671953,8.148341178,0.523319772,0.013412456,28.76706753,4.943352275,20.502509,42043.93512,0.067110967,21.22352704,230.6211934,1.289708605,293.1868959,0.011296215,0.009290678,4.648579238,532267.6003,0.849408445,0.917469515,0.10120873,0.937797606,217.1421489,0.008853218,10320.10829,0.049226824,33.79611388,253.9774093,334.8487293,66316.64952,1.845332802,0.013194995,83985.64718,0.400610784,0.65823012,174.4791268,0.009602085,6.716543934,0.307020897,324.2399814,6.785661818,119954.1974,0.175671354,3.092144133,46794.13525,20.5700889,229.4368052,12.98815523,2798.578841,0.088466893,0.009098968,0.28437649,71.9896101,0.003625613,89.31189024,1.13E-05,3032.897189,0.044537584,0.018288376,0
MSHS010,0.737772659,0.664813412,107.8129492,162.1702378,169.6732153,172.6991604,134.2385936,175.8266191,624762.4167,119.6447676,0.100360305,352153.5584,0.563659959,624267,9.545178795,21.35105171,164382631.8,4.260678743,5.86791563,3.788971243,51.38004303,3.704375336,15.49489394,15.51507854,0.000763802,51.37927923,2.462300081,16.22716962,0.07441317,164382631.8,0.063753285,23.22929572,248.8405534,13847.67197,55.366285,60.8437686,25.93718971,0.402629934,3.869440955,3.457741222,10.88224951,0.327498712,0.235959736,0.990036408,0.931422528,-0.035375813,0.496146459,0.242926237,15.49560628,0.004757443,8.347619855,0.447680831,0.011069948,30.99121256,4.996706672,21.69523958,36160.24508,0.062546726,22.75368572,265.5687728,1.254711609,330.4629808,0.011137811,0.009529076,4.688589656,499441.2149,0.863743094,0.926092645,0.088395408,0.944270865,251.3548818,0.009169584,10211.89956,0.047002695,35.45834661,281.4102236,93.47480461,23469.65986,0.440323988,0.014100582,88601.21254,0.407808142,0.664184626,193.0380791,0.010684641,6.71053876,0.348027366,85.2187376,6.745288572,119056.3812,0.190713879,2.66384103,39799.07207,22.07818955,264.778859,11.19953642,2854.9871,0.06988642,0.009295657,0.315029363,88.8718344,0.00436974,75.86076793,1.21E-05,3425.300789,0.050763115,0.018126974,0
MSHS011,0.801358477,0.68575447,109.7100677,159.9844734,157.8892017,165.7467948,144.9172177,167.7855774,620160.25,128.204914,0.095740075,367332.7474,0.592319078,620646,10.21556473,23.10807991,191620618.1,4.2577615,6.432657719,4.05358205,56.64641571,4.073797641,16.74276744,16.71039772,0.001709131,56.64470658,2.695520637,17.57110759,0.245533728,191620618.1,0.064214745,28.42356044,241.6933471,17783.10963,192.5002201,62.7687175,24.79171301,0.434358961,3.808169318,3.429060609,10.18417302,0.328999027,0.237327089,0.990443017,0.932308713,-0.039988041,0.521120764,0.244566377,15.23807284,0.004854005,8.322006226,0.498251719,0.011061046,30.47614568,4.997799154,21.89010763,36239.43303,0.063022021,22.85338218,256.3891664,1.253308935,318.6421953,0.010892872,0.009282245,4.683116899,497212.4581,0.864487847,0.926493463,0.087900223,0.944579847,242.746647,0.008923429,10357.67205,0.047782954,34.56235357,271.4249118,103.6342122,24306.70401,0.508926868,0.013366811,86530.6045,0.39919085,0.656947671,183.9311354,0.010002428,6.713440448,0.349257064,95.43618031,6.734471466,119302.7483,0.192223503,2.609888121,39854.62434,22.22143905,255.6200846,11.08479874,2724.025514,0.06964418,0.009070806,0.313740267,85.32880959,0.004148427,80.89112727,1.23E-05,3032.491912,0.054195663,0.016537507,0
MSHS012,0.795285258,0.682435343,108.7706079,159.3859536,166.7693017,168.1219795,137.4190671,172.8380745,684253.7083,126.7572993,0.101042148,371643.3179,0.543136724,683712,11.96663494,23.59854126,238634611,3.554236776,5.697172403,10.56219768,86.05766296,3.775774339,17.92530031,17.78457165,0.001428796,86.05623417,2.398604883,18.68229026,1.134549395,238634611,0.108193517,27.71157825,124.3394163,11753.09268,259.8030239,29.31840517,8.050953807,0.569670142,2.102931091,2.676036364,3.592288218,0.453899443,0.38197865,0.996826887,0.960856455,-0.07575994,0.633636467,0.37565902,10.90974488,0.014737342,6.816643118,0.847291474,0.034779449,21.81948977,4.328539632,9.342339744,61324.2825,0.104245684,10.01326414,128.9554954,1.554191648,198.779968,0.018988049,0.013356695,4.267870318,447484.7675,0.760094411,0.860363045,0.201177274,0.894621702,115.6663106,0.012261628,6637.387139,0.064767634,22.51466543,139.981089,200242.8937,24002621.79,1710.372295,0.023930887,40001.61167,0.390335789,0.649447888,93.7299113,0.017066514,6.377842995,0.149887672,200198.3826,6.687109269,79854.53641,0.116795575,6.338694301,73973.20606,9.435067418,128.5475975,27.78078782,3495.544093,0.275074754,0.012923362,0.161096772,22.21775872,0.003400006,93.18248305,1.20E-05,2373.803691,0.011241576,0.043134169,0
MSHS013,0.821675783,0.657377204,98.49160053,149.8250926,160.1624176,160.0156242,130.9236419,163.2023284,529240.1667,123.1076503,0.098856236,320072.6649,0.604777727,529070,11.42609529,21.80649261,164353176.4,3.370887357,4.917178154,14.02827565,87.99391174,3.387363186,16.93528116,16.9683342,0.001490053,87.99242169,2.087629062,17.62513624,1.339124349,164353176.4,0.125900908,23.84167962,106.8094549,9063.715558,215.2394168,23.50623649,6.791903818,0.552348207,1.906376979,2.564206684,3.127333004,0.478237006,0.412100711,0.997320241,0.964344228,-0.073019536,0.611323055,0.396946426,10.13068491,0.019954138,6.455233119,0.824314618,0.049093528,20.26136982,4.117329283,7.574535076,53571.67487,0.11955712,8.40325745,110.4365614,1.63095975,179.429174,0.022739783,0.01567687,4.14564779,332776.6762,0.741928986,0.846838793,0.233586601,0.88509691,97.88079532,0.014353704,5270.436728,0.071683215,21.37863052,117.8872613,262437.6025,27500200.24,2565.643738,0.030972612,28019.46711,0.381092801,0.641371874,78.86176316,0.021874962,6.273321836,0.138968378,262385.8218,6.572135243,56584.96324,0.106951752,7.589517847,66610.39328,7.779663333,110.2642977,32.41174892,3549.232499,0.351128716,0.015009263,0.14866167,17.42272358,0.00399396,77.41636655,1.51E-05,2245.876346,0.008453414,0.064249043,0
MSHS014,0.856754316,0.674250816,107.2522585,159.0687856,160.0656115,169.6643746,144.3086969,170.918109,648805.375,136.2828686,0.089763012,403765.9257,0.622322103,649895,11.65000591,24.01944199,236311840.3,3.874746796,5.916712761,7.994600084,73.68527985,4.047935521,18.19555541,18.1133461,0.000675749,73.6846041,2.507347974,19.06870251,1.010345772,236311840.3,0.088347818,32.53717857,174.0340149,23863.38396,499.1833663,47.40943512,12.41520608,0.585774257,2.613099773,2.950706051,5.527338025,0.408291812,0.327424907,0.995149648,0.952127538,-0.072951507,0.645380988,0.329282263,12.85633603,0.01004265,7.427819714,0.789917024,0.024551661,25.71267206,4.646016947,14.9561603,49458.13896,0.085487186,15.75078991,180.6003214,1.409137908,252.6053328,0.013741566,0.010614786,4.465706556,466340.7004,0.805625754,0.890167938,0.145819618,0.917239598,166.0039515,0.009969782,7725.313931,0.054971138,29.63601258,192.4389329,13109.40445,2237694.73,77.86003183,0.017699835,54613.62603,0.38861504,0.648084476,129.4360915,0.012883575,6.636184429,0.216241085,13088.01874,6.745089927,91426.42842,0.140678769,4.544044979,57416.805,15.06094849,180.1113364,19.40995545,3415.36861,0.144389401,0.01029473,0.213430247,41.00490464,0.003508511,77.82129329,1.29E-05,2660.118958,0.021991261,0.032982233,0
MSHS015,0.747916581,0.654986611,106.2771073,162.2584423,177.6344561,176.343415,131.946959,177.6457148,638793.7917,121.3557795,0.099360826,361001.8179,0.565130442,638479,12.22229652,24.80227737,247234896.6,3.84426154,6.001626015,7.889105442,76.79301453,4.1205075,18.79887052,18.68080711,0.000872382,76.79214214,2.539536534,19.6780281,0.967758379,247234896.6,0.09057696,33.82725711,170.6475272,20429.30907,442.3291875,44.9175874,12.48145265,0.565932239,2.57864002,2.944757647,5.773351682,0.415432095,0.336656479,0.995132961,0.952821674,-0.071953811,0.640138988,0.336439524,12.74905438,0.010552666,7.382211216,0.757378388,0.025977537,25.49810876,4.614996236,14.34976001,49301.90778,0.087463149,15.14527164,177.1339729,1.444028358,254.2112406,0.014642969,0.011214818,4.466917886,448135.2388,0.79454541,0.882821518,0.159511235,0.911850377,161.8381156,0.010517252,7039.129721,0.054625757,30.17193229,188.8778451,63057.39003,10243837.63,393.6015649,0.020064378,51915.26433,0.402878018,0.660003162,129.3714871,0.014661823,6.559220957,0.201824962,63032.8401,6.791527003,84670.62266,0.132613011,5.107745269,57831.48689,14.41939806,176.7138904,21.48304486,3730.961989,0.160682858,0.010814325,0.203358827,38.31885612,0.00369986,79.27408317,1.30E-05,2533.157154,0.021846643,0.031550074,0
MSHS016,0.870212361,0.703998367,103.0703736,146.4071203,146.6321929,152.8561415,136.2093976,155.1289786,566051.9167,127.4052858,0.101461962,326150.7475,0.576185219,564541,11.60427761,21.47421074,168647664.1,3.824693807,4.937457085,6.356008405,60.1466713,3.191599381,16.73667859,16.81286049,0.001865573,60.14480572,2.069132555,17.28392691,0.373543115,168647664.1,0.088737983,18.61771924,212.1883409,11005.83935,168.1418669,36.96263171,12.94539895,0.481940257,2.670056592,2.981225346,5.765895079,0.404229741,0.322738906,0.994943514,0.95116876,-0.05443332,0.569832821,0.324842327,14.35910656,0.009835584,7.379897544,0.711329055,0.022158517,28.71821312,4.561191289,12.47700766,43255.60222,0.086051999,13.610728,220.927049,1.407849493,310.069177,0.009787156,0.007532603,4.41465886,405278.5223,0.805896661,0.890371933,0.145364586,0.917408845,202.886292,0.007068475,6792.420698,0.055345773,27.54492798,228.549659,12028.47184,2499010.517,59.00293141,0.012539809,49613.87783,0.404262125,0.661192579,154.2074058,0.009464736,6.527491792,0.217392537,12007.31208,6.692730279,79094.92065,0.14010483,4.599390675,50096.22964,12.94444184,220.6596881,19.42442976,4246.996298,0.105767895,0.007316846,0.216799924,49.49903903,0.002552277,62.57314667,1.40E-05,2668.616211,0.019744215,0.032623873,0
MSHS017,0.795765116,0.637540808,103.8532176,162.8965807,170.7659217,170.8361788,138.9280389,175.6302935,626942.4167,129.6274164,0.096516854,367028.1737,0.585425653,629678,11.73082008,23.88353519,228200078.7,3.648679592,5.649864197,12.05429504,85.9198761,4.069841872,18.05845794,17.68053246,0.002757857,85.91711824,2.404452097,19.03700548,1.746338136,228200078.7,0.106067812,36.29967451,129.7233201,27368.15579,640.8570582,41.93188513,8.946373744,0.649112697,2.176711843,2.730327205,4.166658208,0.450874306,0.378925954,0.996489114,0.959671149,-0.088883474,0.681877285,0.371477889,11.021655,0.014602527,6.964832484,0.833474307,0.036965148,22.04331,4.43808849,12.71956472,55155.38107,0.101491139,13.1376309,134.4637433,1.542034346,203.5735412,0.019113465,0.013576589,4.357232575,415758.9061,0.764435647,0.862990535,0.197131904,0.896803463,121.2364935,0.012501323,6213.429803,0.060603455,27.67438779,152.7130972,152194.1025,17528166.95,1347.165455,0.023847188,40487.23617,0.394897257,0.653325168,103.0360752,0.017119222,6.485346911,0.162822903,152156.3827,6.759672282,73682.811,0.117016651,6.429072898,66788.56752,12.37500539,133.5489917,27.24316238,3452.301148,0.271128449,0.013126925,0.170531285,25.4098744,0.003644624,85.77866838,1.32E-05,2400.992319,0.015205542,0.045436942,0
MSHS018,0.760878602,0.655234428,107.9175217,164.7006279,167.2423391,175,139.2838828,175.9801125,674440.9583,125.3171835,0.105293549,353219.756,0.523722279,672059,11.37393284,20.89472771,189066092.1,4.002999117,4.646596909,5.331562503,51.55962372,3.074183115,16.24599569,16.25411034,0.005602762,51.55402096,1.957640189,16.77270556,0.290814578,189066092.1,0.079511339,17.39127598,270.1566227,14119.9875,207.8743281,47.01090259,16.74977534,0.475255682,3.03695449,3.149684244,7.453398691,0.37915679,0.294067176,0.993498822,0.945082836,-0.052783094,0.572293871,0.298651801,16.2046687,0.007873805,7.74409986,0.675441625,0.018766214,32.40933741,4.740377271,15.94016948,46747.74225,0.077211798,17.1579291,280.8691282,1.361522353,381.1667134,0.007723816,0.006124794,4.547246661,498436.686,0.822933888,0.900863672,0.128428694,0.925499174,260.2042623,0.005789904,8534.085383,0.05076368,32.01389184,289.5626063,5697.737113,1437395.196,23.01507602,0.009801056,68101.80243,0.405092987,0.661828601,195.5849246,0.007409353,6.637978538,0.25014768,5681.755999,6.771088127,101739.9535,0.151385449,4.080804744,53436.31095,16.43390711,280.5247099,16.87962962,4684.187695,0.073749682,0.005958907,0.242070016,70.16598462,0.00226367,70.02640481,1.18E-05,2677.62177,0.029559959,0.02029061,0
MSHS019,0.767299614,0.673520271,106.750265,158.4959941,170.4846034,168.1457701,134.4953531,170.7337108,625119.7083,121.6139151,0.102430095,345169.179,0.552164928,624142,11.93220425,20.9830225,182122570.2,3.966500258,4.33995533,6.299278948,50.70782852,2.948100049,16.58480161,16.5008316,0.000626337,50.70720218,1.834136268,17.08205757,0.644589436,182122570.2,0.082932319,16.74104621,290.2394691,16803.85331,319.4777519,47.62119418,16.47457439,0.486653238,2.949959808,3.119553467,7.699152099,0.388850983,0.305740113,0.993637989,0.946686764,-0.055850586,0.583501558,0.308618351,16.80632985,0.008671944,7.670080218,0.60908369,0.021395536,33.61265969,4.710726192,16.02394214,44890.44351,0.080241534,17.16637692,301.1004866,1.382067601,413.5007594,0.00654945,0.005028684,4.533164179,456599.4344,0.815819035,0.896309469,0.136289112,0.922121467,278.196793,0.004714747,7711.262624,0.051358429,33.36518943,318.9440345,10508.34243,2841136.053,39.31790032,0.00730996,60874.25578,0.40543375,0.662089295,217.9547364,0.005383821,6.650005809,0.240563846,10491.0626,6.785379044,90885.90034,0.145617344,4.441206908,51761.54348,16.36180808,300.3765537,18.10128144,5327.040089,0.071156297,0.004922086,0.233964116,74.52756311,0.001641046,62.20539744,1.28E-05,2530.402217,0.028583889,0.021710715,0
MSHS020,0.778491545,0.649624864,107.5277208,165.5227913,166.8202626,175.1113931,139.4022955,178.4180484,680810.5,128.8580935,0.094934383,394225.5376,0.579053257,679327,11.64321804,22.54150047,215150881.7,4.050582389,5.313140392,5.757829161,56.09757233,3.466810324,17.17131421,17.09468269,0.001631609,56.09594072,2.236714164,17.79639871,0.516296368,215150881.7,0.075941026,21.85777522,258.193756,19809.88142,336.8466666,53.07030535,16.54007666,0.525493034,3.044036706,3.147428327,7.192616321,0.377010192,0.29127491,0.993568409,0.94488894,-0.061867201,0.614903329,0.295493117,15.78166961,0.007183306,7.83875204,0.745858766,0.017665263,31.56333922,4.823790581,17.4025955,45503.82973,0.074104919,18.07546696,267.6124533,1.347788759,359.1151373,0.007922981,0.006257967,4.577884653,508282.9579,0.827405659,0.903883946,0.122834263,0.927597042,248.5419364,0.005906547,9158.045286,0.052016911,30.61375835,277.5353205,3660.985369,882538.7471,15.45820008,0.009258109,69226.57402,0.393200995,0.651886282,184.3706748,0.006825108,6.674132298,0.259166793,3646.0972,6.815350467,105827.6872,0.155783131,3.854348633,51588.78926,17.4464927,267.1903472,16.09747147,4235.490294,0.076092304,0.006119116,0.246836646,68.39545091,0.002205644,71.12564201,1.18E-05,2847.315812,0.030079772,0.02228395,0
MSHS021,0.733169335,0.627813372,108.5701532,172.9338017,182.2223916,183,137.5245433,184.959455,690375.0833,126.7897604,0.094709159,398855.4698,0.577737348,688795,11.54722652,21.09776421,199535114.4,4.129341728,4.697022915,4.612884773,46.77208328,3.056938601,16.52317332,16.67053413,0.003910132,46.76817315,1.974064363,17.02020059,-0.012488837,199535114.4,0.072108808,16.67197155,336.7218116,14117.50814,82.92037821,53.23501813,20.31608639,0.448404937,3.346136443,3.2794236,9.032277139,0.361077763,0.273918112,0.992159513,0.940051462,-0.047418549,0.553406559,0.278981392,18.12434688,0.006467474,8.008160872,0.543683265,0.015404282,36.24869376,4.866315737,18.38777613,44084.9447,0.070266341,19.90835391,348.9144826,1.318396387,460.1281144,0.006012249,0.004905005,4.62902479,526564.7766,0.839015036,0.910841955,0.112322428,0.93299574,325.543509,0.004668772,9578.112485,0.048048401,34.97142043,351.5392414,769.4407278,258841.9262,2.371676375,0.00751638,81439.70964,0.408540604,0.664775919,236.917088,0.005795114,6.706528861,0.289408315,757.5014518,6.800678932,112989.2391,0.164038994,3.587044716,49668.18621,19.13887218,348.9279945,14.59689312,5111.689539,0.050359412,0.00477941,0.271312748,95.8377841,0.002003622,67.57423293,1.15E-05,2641.748866,0.039489465,0.015199626,0
MSHS022,0.837763074,0.692702158,104.5816417,150.9763474,160.5615147,161.0745169,134.4061011,164.3958637,602584.125,126.4824089,0.097524757,353764.5977,0.587079186,603157,11.59301071,21.25124741,179458868.4,3.92749515,4.659996986,6.513037476,56.04104233,3.175692906,16.67057488,16.6697216,0.001047303,56.03999502,1.966270219,17.24913321,0.612395206,179458868.4,0.085608162,19.62452978,242.5782446,15309.3013,274.8618163,43.91364601,16.67909548,0.450241664,2.962566706,3.128509016,7.838543906,0.388985295,0.306152487,0.993560735,0.946500013,-0.047756997,0.544136052,0.308858373,15.3547866,0.009118307,7.607367061,0.585290055,0.02204406,30.7095732,4.65191822,15.14818537,44715.76268,0.082620848,16.5304084,252.5564584,1.378040703,346.0456515,0.008571038,0.006725666,4.492161439,442666.6705,0.817598923,0.897273844,0.135037144,0.922964609,233.5153064,0.006343625,7664.396324,0.05139992,33.09102424,267.6397162,18469.08196,4486091.546,76.89372002,0.010629672,63232.4193,0.424057053,0.677316202,187.7446937,0.008077953,6.551892442,0.247220873,18452.72022,6.723433958,87783.65752,0.145540311,4.470376818,51635.16244,15.70349871,252.0098648,17.94573718,4446.315274,0.086143129,0.006539304,0.241411733,64.64155663,0.00244201,67.68799547,1.28E-05,2693.245551,0.027948675,0.024048654,0
MSHS023,0.822608206,0.672064822,108.3226627,161.178891,158.4455743,169.168555,141.7674152,173.1877594,636836.0417,132.5870783,0.091438942,391475.5918,0.614719592,635665,11.27048664,23.19725876,215058588.3,3.851439515,5.834202766,7.663072642,71.42795563,3.860752891,17.60903401,17.66827774,0.006145378,71.42181025,2.456477633,18.39349444,0.754159851,215058588.3,0.088177795,28.24255901,171.4021756,16762.91312,326.6115593,40.27434328,13.89761799,0.487815338,2.779971836,3.03167204,6.116807737,0.395279002,0.312237945,0.99457809,0.949292551,-0.051735538,0.5608069,0.3152659,12.83775288,0.009622569,7.447335548,0.714220366,0.023137593,25.67550576,4.575967774,13.54299032,48628.92779,0.085333909,14.61430277,178.6248235,1.380989603,245.703205,0.013275417,0.01052282,4.415731497,465119.9323,0.815862802,0.896454047,0.135660759,0.922156467,164.9181202,0.009949885,8349.047096,0.055663283,28.53068178,186.2954158,16556.82818,2752504.663,101.3340274,0.018030442,61273.41962,0.408511251,0.664701016,127.5117541,0.013838319,6.480276178,0.235960765,16538.8676,6.645337044,92931.13351,0.14619514,4.298826464,56051.53836,13.92658164,178.3592474,17.93112882,3160.292829,0.127247187,0.01018682,0.231699777,43.22012614,0.003953034,81.21225115,1.22E-05,2920.753539,0.02213792,0.030931826,0
MSHS024,0.824190994,0.674298607,110.8355667,164.3716383,167.6722994,174.7226373,144.2497834,176.8530463,696204.2917,135.4736239,0.091936064,413195.9116,0.593498082,699079,10.70828762,22.09001541,219721354.9,3.870920687,5.470668316,8.194557282,68.12744904,3.747343178,16.9175845,16.9955368,0.002008216,68.12544082,2.315529187,17.72854141,0.924424419,219721354.9,0.089077958,28.09651504,176.0361434,24996.2156,491.0512585,47.74227192,11.88087445,0.602286523,2.534447574,2.917886154,5.391175826,0.417450876,0.338751986,0.995357365,0.953514822,-0.080516085,0.667565112,0.338044679,12.92558596,0.010663393,7.36951259,0.810162691,0.026186403,25.85117192,4.634874187,14.90578659,52976.84422,0.085826306,15.9731927,182.0019748,1.445344894,263.1013296,0.014731695,0.011300294,4.493114162,491221.6565,0.795298495,0.882900766,0.1608126,0.912165614,166.0250388,0.010600586,7794.000204,0.054804347,30.46429259,186.8817776,25492.07107,4656703.686,142.1087766,0.01977247,53729.64803,0.377805773,0.63869266,123.3407128,0.014010452,6.678245059,0.203431944,25467.90746,6.814132724,93246.49912,0.133384781,5.183662593,62272.5295,15.21668796,182.0030397,21.54229064,3938.417542,0.158926598,0.010891611,0.201174197,37.7928183,0.003623054,80.16984588,1.24E-05,2576.892315,0.021436975,0.031651763,0
MSHS025,0.823922251,0.687557168,103.464697,150.4815916,161.7714437,158.1549873,132.0984481,162.0185175,568121.2917,123.9851318,0.096329327,344365.506,0.606147861,567899,11.15508595,23.14884796,192580095.4,3.883240892,5.766320705,8.172210097,71.51139069,3.95281859,17.5473435,17.5091114,0.001788967,71.50960172,2.437251319,18.41493316,0.961172575,192580095.4,0.088175848,31.20049918,173.6210877,26783.1021,550.5609668,50.81569353,11.4314816,0.633534673,2.485278609,2.898781485,5.199853151,0.423121156,0.345821443,0.99552369,0.954354065,-0.091328153,0.704335128,0.342969292,12.79745832,0.010391111,7.400909787,0.833307848,0.025431476,25.59491663,4.686596964,15.56179378,42552.2355,0.085177615,16.07627573,178.3262702,1.460329878,260.5305198,0.015482221,0.011898523,4.517078045,394944.9413,0.79009307,0.879632578,0.166373427,0.909648374,162.1961499,0.01117213,6182.542087,0.055034201,29.17715152,178.7386861,34026.9015,6016182.439,197.766336,0.022279451,43082.06665,0.383497122,0.64351694,117.0658657,0.016159251,6.624335586,0.197816865,34001.34665,6.880707738,73741.41483,0.129849524,5.449270732,50074.97578,15.33755279,178.3540964,22.50247843,4019.626101,0.168373348,0.011415484,0.197260142,35.51977427,0.003980975,67.87210891,1.52E-05,2441.85812,0.022191723,0.037165817,0
MSHS026,0.773428246,0.642518914,111.4812081,173.5065001,180.9447429,183.806964,148.5294584,186.5529415,754768.8333,134.1948281,0.093255006,429887.2927,0.569561532,753345,11.15540409,22.61410789,235690852.8,4.141700413,5.620954514,5.182180297,55.82371521,3.677772872,16.98071308,16.91113663,0.000391865,55.82332335,2.363022621,17.68782403,0.442819969,235690852.8,0.071537493,24.51450217,255.6392929,20980.46286,315.8557079,60.2194144,17.27156733,0.55479449,3.075175926,3.164686686,7.735490979,0.376426317,0.290809709,0.993315744,0.944474147,-0.070771808,0.654062496,0.295703835,15.64935313,0.006700751,7.958161749,0.635185096,0.015724923,31.29870626,4.933230858,19.37274543,47598.62026,0.069889612,20.47368859,267.1617149,1.347283913,357.6845234,0.009480465,0.007596955,4.668709889,563923.3712,0.827688424,0.904016599,0.122758595,0.927736651,248.3364885,0.007196048,9438.155509,0.048562923,35.53778884,282.5893367,1040.100227,252833.6799,4.532868615,0.011995741,76395.32032,0.393083166,0.651952489,190.1263609,0.008823362,6.808809135,0.257981403,1025.074925,6.906512785,117666.5495,0.156192116,3.803369579,53892.41303,19.74813625,266.5279653,16.02236824,4178.131462,0.085228454,0.007393229,0.246235751,69.5278183,0.002801588,76.51476387,1.13E-05,2817.913364,0.03408423,0.020332763,0
MSHS027,0.74586331,0.690855195,109.9550593,159.157896,166.8831927,168.0773631,134.7293583,169.8263819,633642.125,118.7100351,0.099594886,358214.4603,0.565326146,632586,12.19849396,22.67460823,213391755,4.021889077,5.127336025,7.05146218,56.45292282,3.432331717,17.73620823,17.74759197,0.001058454,56.45186437,2.157008986,18.36661107,0.739735338,213391755,0.079214439,22.75931973,272.8279486,29564.96087,557.164187,56.33945007,15.44991919,0.570376994,2.93285643,3.100716786,6.779713301,0.384732268,0.300138764,0.993985736,0.946748832,-0.069458047,0.644356426,0.304006999,16.20510182,0.007944744,7.739435208,0.815814021,0.018834046,32.41020364,4.787665721,17.94734232,43885.50514,0.077106036,18.5977325,280.4368539,1.366075321,383.9869828,0.007483224,0.00589167,4.568492852,467336.6759,0.820773505,0.899706188,0.129770132,0.924492602,259.1215244,0.005558464,7937.718604,0.051930747,32.49693978,280.720828,5004.382919,1372735.521,18.51197785,0.009299428,60322.09218,0.394643787,0.653190605,186.2184007,0.006934831,6.692608872,0.241630387,4987.255304,6.804703579,95578.48383,0.151091684,3.99522159,50109.94497,17.9329581,280.655288,17.01028161,4832.597829,0.072858101,0.005739402,0.234503357,66.25154176,0.002079777,63.25533066,1.29E-05,2694.638363,0.029594509,0.024437143,0
MSHS028,0.793854175,0.665306818,106.9845937,160.8048961,161.4094173,169.3664666,142.5798022,173.1617741,664359.125,127.6556382,0.096618509,381088.4006,0.573618072,664611,12.27391911,22.06302834,214388079.4,3.871605587,4.853333473,6.160603202,57.93000793,3.173534302,17.43420376,17.56088448,0.002003028,57.92800491,2.036876877,17.96042273,0.360530507,214388079.4,0.086697904,18.62532373,247.6407427,13292.67747,220.9662027,40.93316196,13.98673478,0.491447555,2.793645283,3.036584772,6.121387451,0.394145971,0.310923164,0.994539438,0.949053575,-0.055496261,0.578224671,0.314119217,15.52107861,0.009181808,7.497236214,0.773114252,0.021774479,31.04215722,4.614122339,13.72997418,50098.44136,0.084185351,14.56701438,255.4795138,1.385648978,354.6637799,0.007881611,0.006107227,4.438274456,484644.1824,0.814033983,0.895379634,0.1372591,0.921283427,235.2633222,0.005740169,8467.755276,0.055617806,27.36108648,255.3853884,8158.318997,2099853.926,32.26076233,0.009716239,60332.83075,0.396277353,0.654508282,169.6749178,0.0073219,6.556052152,0.229079868,8139.263243,6.689482913,97058.02177,0.146037339,4.274539078,57620.38091,13.95583541,255.6414083,18.11390272,4673.881588,0.082329103,0.005952175,0.225180623,57.91107191,0.002086372,71.3145264,1.18E-05,2558.50225,0.023050364,0.023333672,0
MSHS029,0.795976775,0.69759398,108.9664652,156.2032762,170.3290932,166.7213244,137.4372584,173.0144503,640698.7083,124.33418,0.096579283,372136.8825,0.580829769,642333,12.14147301,23.0506443,219328835.5,3.661030074,5.545256615,7.3864652,74.14265442,3.530821444,17.85317802,17.96233177,0.007324401,74.13533002,2.315573691,18.47854403,0.547136377,219328835.5,0.098427015,22.72062408,161.1471592,9396.879645,169.3731849,30.50385989,9.979097908,0.50758114,2.349662216,2.813567873,4.416829944,0.429441102,0.352312377,0.996079957,0.956582851,-0.060560659,0.584656764,0.351419003,12.49063241,0.012148314,7.044459342,0.783112412,0.027350273,24.98126483,4.402098448,10.12073945,53726.0929,0.095358495,10.98167626,167.8803681,1.470953667,245.8076727,0.013524056,0.00993332,4.30506176,442889.8607,0.785617914,0.877103405,0.169606578,0.907477381,152.5722598,0.009213772,7183.611442,0.061392092,23.19855373,175.7231224,79300.44236,12914460.83,495.2672748,0.016444303,46257.37557,0.395321639,0.653715474,117.3426457,0.011909919,6.423079104,0.182167194,79270.30816,6.655328337,82862.72144,0.129002747,5.316006184,63222.91976,10.41554928,167.5817761,22.91664448,3787.772001,0.171254358,0.009657218,0.188146809,32.86985571,0.002829333,80.74513191,1.25E-05,2397.73692,0.014528625,0.034157859,0
MSHS030,0.835623592,0.699467443,111.6039418,159.5555918,163.7833935,169.5169608,146.3215637,173.7066493,705532.5833,133.3284167,0.093668589,409167.8769,0.579941858,707603,11.74920406,24.10380821,252004757.6,4.015073249,5.870702744,6.901884238,66.30109406,4.013473203,18.02291795,17.76036263,4.25E-05,66.30105151,2.487213581,18.87163539,0.958020846,252004757.6,0.080012383,31.31305099,207.4265791,24527.03886,518.2408111,54.33682426,16.59052562,0.533088961,2.962113773,3.121857706,7.725340753,0.387581978,0.304189103,0.993599242,0.946478161,-0.063738689,0.617083141,0.307247487,14.07087933,0.008196147,7.743340664,0.643293698,0.020110416,28.14175867,4.782713037,17.73183747,49292.80904,0.077577129,18.70267191,217.5488091,1.374784599,295.0375018,0.011111149,0.00870072,4.573221759,520182.2641,0.818268461,0.897931467,0.133367657,0.923264029,201.6395264,0.008198063,8776.235168,0.050669934,34.68948349,240.0034179,6991.699712,1315181.751,37.89106884,0.013427919,68488.75889,0.395422501,0.653711787,163.8085743,0.009718857,6.713284054,0.244775672,6975.009437,6.828078035,104691.4033,0.147952176,4.284731335,56617.00239,17.88653418,216.4702623,17.63485316,3635.805661,0.110847001,0.008473849,0.235407545,56.14716412,0.002981736,81.21478658,1.16E-05,2846.049709,0.029765245,0.024699146,0
MSHS031,0.807163193,0.659207113,105.5138004,160.0616837,165.4236984,166.4602055,137.9927534,169.6967884,665341.5833,129.1958997,0.103784977,355123.4963,0.533746132,667683,12.18662605,23.19137993,231204985.8,3.98617576,5.528137684,6.79235191,60.05747604,3.58009905,17.96116886,18.07946968,0.000229302,60.05724674,2.31580813,18.60858876,0.442637497,231204985.8,0.079427001,23.67598882,246.5601885,23460.7998,357.0537731,49.59861408,14.61605252,0.54542499,2.831255628,3.057198132,6.526656324,0.393190324,0.310117649,0.994309066,0.948494513,-0.067621238,0.63130306,0.313350826,15.42123306,0.008233714,7.64294885,0.835384001,0.018536073,30.84246611,4.740696742,16.05366665,46171.58727,0.077346648,17.15963285,254.9661412,1.39240985,356.4414898,0.009205551,0.00726379,4.556517432,485090.228,0.812238207,0.89403032,0.140187351,0.920406345,234.4587612,0.006860991,7859.894925,0.052076081,30.92480739,252.5010634,4718.924257,1108888.338,20.64340826,0.012688486,58742.35059,0.389200036,0.648532966,165.2685558,0.00951256,6.690797107,0.226051884,4699.354576,6.83690823,96721.50922,0.144861423,4.380250137,53032.05806,16.48933684,255.3054039,18.4818649,4799.875929,0.089296881,0.007023161,0.221644825,56.33437341,0.002633843,66.75227318,1.26E-05,2672.096997,0.026106383,0.025149256,0
MSHS032,0.816559803,0.654030291,99.06406018,151.4670828,163.0490724,164.4019465,131.605471,166.6913315,561138.2917,123.6819313,0.102058879,322364.0482,0.574482357,560204,11.26158018,20.98952541,165143694.3,3.579097262,4.567237854,12.14478999,73.78902435,3.307946409,16.44552165,16.30226135,0.004399939,73.78462441,1.938387893,17.16950976,1.522143306,165143694.3,0.11269244,24.33688319,142.0002941,20715.01686,484.4906901,35.67715386,9.251010187,0.58895555,2.208448386,2.750274686,4.335305951,0.448406062,0.376132869,0.996371286,0.959139234,-0.073430215,0.629057729,0.369827553,11.63588012,0.016083965,6.852177337,0.838406509,0.038849219,23.27176025,4.314871786,11.23204101,51931.77904,0.107258118,12.0012068,147.3037118,1.536905722,224.2416821,0.017175329,0.012460767,4.286327195,371585.1603,0.766892145,0.864215948,0.195927929,0.898036842,132.6677261,0.01154285,6008.593452,0.063088307,26.39592171,159.195525,170492.6895,23104582.78,1281.29518,0.023176837,38880.43445,0.408232111,0.664303412,109.2579407,0.016900438,6.342215523,0.170011282,170458.092,6.644096509,65398.55719,0.116740611,6.464423282,63130.75572,11.25419165,146.7733165,26.98881479,3859.778347,0.229716341,0.011972724,0.176721319,27.88474316,0.003655724,75.25615389,1.40E-05,2443.862806,0.014308603,0.047171214,0
MSHS033,0.760691463,0.648083633,112.4675296,173.5386049,171.1432149,181.7305698,143.7845611,185.0027027,697751.9583,132.0093353,0.085345819,445761.5291,0.638853856,699993,11.48159657,23.0023159,235172763.8,3.871186708,5.476142883,7.309056398,68.83579254,3.761802967,17.55096826,17.45890045,0.000695139,68.8350974,2.318211728,18.32933307,0.914785794,235172763.8,0.088892114,27.92796396,183.9232626,17071.73616,376.252796,43.65015723,13.92063585,0.517449622,2.705920294,3.007878732,6.536539378,0.40636232,0.326051288,0.994602494,0.950732753,-0.061983874,0.603637141,0.326666159,13.28498416,0.01019816,7.442919186,0.632044347,0.025238899,26.56996832,4.619910054,14.39269827,53426.04843,0.085698679,15.61685222,190.7138264,1.408731072,267.1929864,0.012071366,0.009336085,4.4629615,503332.5613,0.80697658,0.89055451,0.146587187,0.917866023,175.337852,0.008776307,8573.090894,0.054099141,31.70681355,202.233956,22888.51223,3987699.912,132.8360072,0.015408532,64128.31423,0.404671636,0.661508529,139.3205354,0.01152596,6.577515286,0.226387978,22869.00061,6.7319772,97414.8119,0.139165409,4.771138974,62223.85759,14.81861642,190.3236061,19.5596456,3668.290223,0.128066931,0.009051955,0.222208974,45.02883557,0.003225252,87.43900823,1.17E-05,2477.992598,0.02459883,0.024839276,0
MSHS034,0.754569844,0.674067883,112.9635802,167.5848725,171.7469068,177.2935419,143.1223253,177.9943819,719752.9583,126.454491,0.096224561,403633.4559,0.560794438,719823,10.94363499,21.30280685,205054846.9,4.051400697,4.887687683,5.479470451,53.1882019,3.271950663,16.28336124,16.32583618,0.001733455,53.18646845,2.07561829,16.87804576,0.305377308,205054846.9,0.077061235,19.72057534,258.0778156,17028.90105,206.7041466,51.89521625,16.37767296,0.521040115,2.996858862,3.134620066,7.320500487,0.382821726,0.298499886,0.993641094,0.945761278,-0.063120875,0.619423356,0.302217288,15.78601285,0.007603567,7.812431997,0.705135373,0.019426945,31.5720257,4.829084873,17.0682223,48464.38594,0.074815997,18.26607162,267.6107447,1.365489533,364.4709076,0.00874577,0.006957495,4.599529786,532155.6925,0.821178417,0.899888851,0.129680736,0.924677677,247.6574143,0.006582124,8850.692876,0.0495382,33.38514982,274.9725126,6903.424769,1698263.357,28.43998682,0.011243407,71328.95188,0.399235167,0.657049119,184.9364441,0.008285642,6.721984648,0.248205462,6887.192571,6.847079859,108195.6529,0.150308691,4.141250653,55470.44964,17.50670638,267.3459892,17.12206612,4542.535926,0.081744046,0.006754401,0.23946884,66.08955544,0.002535693,74.79759629,1.15E-05,2643.208497,0.030754163,0.01999483,0
MSHS036,0.799091979,0.653043791,103.485925,158.4670529,168.2914139,169.1892432,135.6650287,170.8039812,597687.2917,126.6297508,0.093144148,368392.8844,0.616363924,599319,11.80451241,23.23904152,209645210.5,3.949982883,5.412652493,8.258342335,65.69675446,3.811435638,17.88068818,17.73501778,4.67E-05,65.69670779,2.294566137,18.70309369,1.142338386,209645210.5,0.085510424,30.08670389,207.263742,25609.34881,545.9169296,51.19365161,16.80394234,0.506737645,2.907282382,3.107454287,8.275542602,0.396682897,0.31561222,0.993561437,0.947590502,-0.058431526,0.592536615,0.316916799,14.09490103,0.009423054,7.60873874,0.605880428,0.023581465,28.18980205,4.695063591,16.99939849,44138.83507,0.08239468,18.50505226,217.5626773,1.394674392,299.6496374,0.010903658,0.008515621,4.531155309,435416.472,0.81240248,0.893797794,0.14167615,0.920447884,201.0083424,0.008024987,7201.755322,0.050005939,38.26469288,242.5848574,20341.47036,4098858.58,101.9519532,0.013818651,60580.99733,0.420648789,0.674573813,172.8101101,0.010436687,6.621390551,0.240302744,20324.15297,6.786218163,84756.39427,0.14142117,4.701237549,51248.02185,17.5093859,216.5485126,18.84829448,3927.553079,0.111732239,0.008258608,0.234654336,56.75145964,0.003065099,69.76494906,1.33E-05,2819.581843,0.029050389,0.029188131,0
MSHS037,0.745642087,0.657650112,103.8384691,157.8931824,169.4992625,166.8682115,135,171.7585515,569312.875,117.731802,0.094765064,350539.1556,0.615723218,571890,11.28940601,22.15986023,182644945.1,3.965043906,5.335128784,7.13518977,61.32629013,3.599169823,17.14776495,17.2183342,0.000679549,61.32561058,2.243875273,17.87094743,0.735220044,182644945.1,0.082917623,25.32491935,218.3489823,25199.64784,486.2742326,51.6724371,15.31824514,0.543716178,2.8677115,3.08117439,7.016639766,0.393716853,0.31133352,0.994054682,0.947978677,-0.06554944,0.623501337,0.313559207,14.46583458,0.008810381,7.62776507,0.744121627,0.021168779,28.93166916,4.718974943,16.74767056,41195.53986,0.080388443,17.65401699,226.5431212,1.384321427,313.8299861,0.010649012,0.008443058,4.530142831,418250.0219,0.815763042,0.89603353,0.137595499,0.92205191,208.8604562,0.007985201,7212.737294,0.052375137,32.32109648,229.1884063,5462.977642,1147502.638,26.79315255,0.014211371,54662.90169,0.39693349,0.655013029,153.4879174,0.010551798,6.643821012,0.240803301,5445.732168,6.790262749,83270.93806,0.145606564,4.440556232,47419.7593,16.90975602,226.5911854,18.15371488,4137.419743,0.101511896,0.008167395,0.23232707,53.60865691,0.00310584,63.11333425,1.43E-05,2787.155009,0.027334023,0.030605778,0
MSPA001,0.794080042,0.681520206,112.7013945,165.3676494,169.593632,177.6091214,141.38246,179.273534,744387.0833,131.31515,0.095075456,417780.5924,0.561241056,743346,7.65511322,18.17805862,144772046.3,4.180708544,5.200162888,4.857167515,48.81422806,3.348000022,13.22741859,13.41487551,0.00019566,48.8140324,2.186036918,13.95554663,0.179168977,144772046.3,0.068490896,19.79267899,204.7531774,20372.58979,215.3790123,57.34573206,23.43311491,0.420409427,3.679325333,3.390267179,9.810722766,0.337200255,0.246545886,0.990959354,0.934438357,-0.038551143,0.511503991,0.253340703,14.00981576,0.005557109,8.157182433,0.693697447,0.01314785,28.01963152,4.896209341,20.19471174,45881.1875,0.066955595,21.49892667,218.2729875,1.272126921,277.5244034,0.017157057,0.014829953,4.628644488,587230.7049,0.856785355,0.921832343,0.094916665,0.94113295,205.4779055,0.014308394,11853.84233,0.048792288,34.03016241,222.2664842,182.0605898,39959.00764,0.953437133,0.024078744,96042.40133,0.395325696,0.653658821,149.2952193,0.018107073,6.686819715,0.326826269,172.6986448,6.698328752,136479.109,0.183601054,2.854145491,50912.43348,20.83452498,218.2175461,12.04934714,2636.730755,0.099493925,0.014349246,0.29711399,66.63958507,0.006934202,93.65786508,1.02E-05,3632.191307,0.043357648,0.019008069,1
MSPA002,0.822698367,0.698274278,106.729688,152.8478012,152.3220273,162.9263637,137.0583817,167.3379813,534716.9583,125.7476364,0.085789322,371364.3368,0.694506376,533186,6.266650915,19.89975357,124740934.1,3.689828185,6.495712519,12.3286484,90.53816223,4.520503945,13.79572014,13.62144804,0.000287846,90.53787439,2.753973738,15.29555103,1.754398273,124740934.1,0.099305939,43.6319872,73.6080588,28190.11024,629.7025292,40.28181407,12.02297433,0.541000196,2.561652104,2.929023897,5.412162341,0.413512812,0.333635317,0.99530543,0.953018473,-0.056559153,0.572517906,0.333083315,8.157408984,0.012261404,7.113183672,0.771459723,0.02939665,16.31481797,4.403524766,13.0761971,45330.1433,0.095550909,14.09596897,80.01805069,1.412738394,110.3804835,0.06328016,0.049970601,4.282924662,382448.6752,0.805747229,0.889726027,0.148242031,0.91727345,73.91507625,0.047192228,7669.217542,0.065130253,27.89786,97.96837421,28041.61176,1863341.97,435.1674242,0.081325256,44823.79751,0.380662728,0.641134532,69.33863469,0.05257928,6.405071299,0.220846009,28021.1086,6.542684715,74516.05369,0.139756208,4.793242792,52948.53639,13.36419858,79.31421493,19.74788535,1454.799768,0.575135871,0.04807692,0.215236977,20.87104939,0.015506681,113.2536834,1.41E-05,3091.715665,0.020647377,0.050576529,1
MSPA003,0.792213899,0.702731941,115.3999594,164.2161864,157.4706322,175.5704987,150.2331521,177.3865835,722201.7917,130.0943453,0.096355509,403998.6812,0.559398614,721096,7.768607378,22.75121212,197341614.3,4.253487162,7.422439575,4.848513085,65.38162994,4.74246672,15.30656825,15.04131651,0.000191909,65.38143804,3.112626056,16.54294383,0.648823498,197341614.3,0.064171192,39.37795875,159.4266287,23447.3311,423.878136,66.45027313,23.59909559,0.476191353,3.706076043,3.39450152,9.791115265,0.333807036,0.242315289,0.990907097,0.933953525,-0.045802884,0.557111982,0.249274244,12.19482519,0.004943741,8.280871018,0.540841053,0.011387341,24.38965037,5.009714031,22.51234218,41942.23303,0.062970298,23.79329406,173.1290598,1.264153888,215.1828177,0.025304105,0.021384708,4.691579929,572628.2702,0.859574487,0.923677078,0.09172406,0.942414214,163.9267639,0.020511746,11370.24278,0.047555733,36.88832609,194.1837528,132.5765037,19996.88776,1.138393783,0.031086203,94666.39516,0.395939635,0.654288674,134.4756848,0.022505086,6.754794828,0.33156889,123.4804618,6.771570292,135097.529,0.187350268,2.721793525,46273.59007,23.10250714,172.0854976,11.62841286,1849.827651,0.168602246,0.020895194,0.301554373,58.57722448,0.00903221,114.1969507,1.07E-05,3451.524398,0.052651088,0.019275854,1
MSPA004,0.818345041,0.656968817,103.173123,157.0441706,154.0519393,165.9186548,141.1559421,169.440255,597433.2917,128.5163182,0.093082021,368534.317,0.616862706,593981,8.299007416,22.08731461,164494797.2,4.307647772,6.761949539,6.085886232,59.49357986,4.460066709,15.48913011,15.35349655,0.000994396,59.49258547,2.843513792,16.64139796,0.812306875,164494797.2,0.063443378,37.02297477,191.0088319,33782.58308,578.8904715,71.95746552,27.84809821,0.442480358,3.901319198,3.478238838,12.5145183,0.330523059,0.239957805,0.989467333,0.931252907,-0.042305572,0.5365354,0.246691667,13.41570933,0.004942766,8.368917616,0.514563834,0.011628179,26.83141865,5.030352775,24.95139093,34146.09645,0.062090698,27.13369655,210.1021622,1.256558546,259.9926812,0.020087245,0.017319736,4.73878009,475134.3905,0.863789362,0.925840674,0.089492573,0.944245005,199.2368945,0.016701083,9487.580838,0.045495257,43.75596299,233.6747339,113.7370816,20571.1547,0.786593224,0.025818697,84751.55718,0.406404321,0.662880583,164.5193292,0.019120871,6.772574389,0.351088671,105.6243638,6.789588869,112920.7423,0.190108341,2.725546739,37684.16096,26.22923236,208.9542157,11.29956514,2202.134769,0.117381667,0.016844637,0.315833793,74.2615863,0.007939231,80.4363133,1.31E-05,3772.794157,0.058120721,0.023447899,1
MSPA005,0.767685532,0.677037177,108.5895965,160.3894147,157.3340395,166.4331698,141.8238344,169.6761621,607712.7083,123.1286331,0.093852821,369688.2695,0.608327363,607072,8.283096886,20.21436424,148109876.6,3.973251656,5.770713091,7.87509876,65.59798431,3.889846818,14.64011642,14.61699343,0.000611963,65.59737235,2.435132688,15.61967196,0.981371908,148109876.6,0.081399657,29.64114337,142.0898173,20342.50328,392.1718136,46.93157909,18.8289233,0.428104189,3.182487554,3.210642882,8.622411524,0.370411705,0.284012648,0.992772337,0.942792083,-0.040775939,0.508938948,0.289153434,11.62170747,0.007949078,7.727656445,0.553245705,0.019506912,23.24341494,4.685022915,16.4401256,43558.4188,0.07900505,18.1090097,154.0270838,1.329396636,201.8611565,0.023571679,0.019606614,4.487261062,460226.6126,0.834458206,0.908168541,0.11616274,0.930893359,143.9799821,0.01874787,8762.436832,0.052584297,34.55112716,173.5993183,1701.864027,231441.9531,13.0360393,0.032979023,65503.25562,0.393091863,0.651767986,121.0749102,0.023925627,6.641704494,0.274491329,1688.591832,6.639939279,98018.26691,0.161460695,3.605168492,49415.45243,17.29206866,153.2233722,15.08112382,2195.93625,0.172422016,0.018925839,0.257919738,44.83202161,0.00795476,91.31453309,1.26E-05,3220.314603,0.032552956,0.028935342,1
MSPA006,0.759649288,0.659405681,108.9881108,165.2823352,157.9271984,173.6260349,142.8005602,178.686877,648015.5,125.5566082,0.09399024,385293.4541,0.594574442,644718,8.051791096,20.41994572,160694867.4,3.924405586,5.912951469,8.796165401,71.1947937,4.103262245,14.65176402,14.47483444,1.83E-05,71.1947754,2.502032246,15.78759966,1.299457237,160694867.4,0.085391153,34.57411409,123.4168724,21356.87328,482.3685919,47.49271051,17.09181129,0.471104371,2.949015834,3.11772746,8.325503127,0.390172543,0.307228309,0.993473271,0.946838312,-0.051807927,0.562026997,0.310117237,10.76181049,0.009227348,7.570701137,0.573046068,0.022751411,21.52362099,4.645616867,16.14613045,47698.77845,0.082440073,18.06004477,134.5917524,1.377360076,181.5419251,0.029239175,0.023599386,4.487288193,473343.5725,0.817781943,0.897402013,0.134716139,0.923048459,125.0065842,0.022402285,8424.022134,0.053046328,36.63873593,160.5337678,18187.69208,2174114.784,155.9760581,0.039392394,64461.1881,0.405914097,0.662488489,116.1778731,0.027537877,6.579518677,0.246316994,18171.21002,6.724230054,94500.91974,0.146577139,4.434119775,55053.2135,17.1282209,133.5521127,17.8850257,2231.812875,0.249250651,0.022737663,0.238043789,38.06607034,0.008492287,103.4296829,1.21E-05,3104.251917,0.030306837,0.030727238,1
MSPA007,0.850731929,0.71548416,113.6436905,158.8346702,146,164.8059465,151.7926217,168.9763297,615238.125,135.1257253,0.083476366,419066.3135,0.681144904,616800,7.675910234,22.35864582,169840226,4.071600831,7.178542376,8.12719645,74.44677734,4.783138368,15.20406284,14.81256008,0.000311993,74.44646535,3.023041687,16.5938858,1.259078294,169840226,0.074676568,44.19351907,121.8713486,20440.37091,435.2568831,51.7208632,22.97106304,0.385394023,3.481003669,3.326065959,10.7842979,0.352756545,0.263929779,0.991320376,0.938066805,-0.034089184,0.476298633,0.270194634,10.70905415,0.006640088,7.932649838,0.405579797,0.015418177,21.41810831,4.780485946,18.67298156,41269.51363,0.072829591,20.88651189,136.0837559,1.285154122,170.1597868,0.032067959,0.026980872,4.537234515,482771.9418,0.851782153,0.918696997,0.099876839,0.93886297,128.7448414,0.025862212,10052.0748,0.051167836,37.7921187,164.0780339,447.8971662,46694.47355,4.752915587,0.0403772,81212.53302,0.413394211,0.668771851,120.2828513,0.029298949,6.601449439,0.318503567,438.0395615,6.635570964,108846.8094,0.176470184,3.13625033,46060.50708,20.00804012,134.753296,12.83248703,1536.64041,0.218947476,0.026253286,0.294275092,48.44204605,0.011284105,106.8677611,1.19E-05,3807.24857,0.04018076,0.029455089,1
MSPA008,0.754072112,0.656040317,104.1432535,158.7452034,158.3192976,163.9176623,137.9057649,167.4455135,583101.375,119.7053308,0.101247098,333373.3802,0.571724565,585857,9.621240425,22.29736862,174874593.4,3.772032531,5.832942009,12.79347847,81.55199432,4.293493911,16.03569315,15.36767673,0.000475556,81.55151877,2.486973642,17.27696873,2.037871876,174874593.4,0.097844623,41.35019368,113.5777506,24374.16661,619.5620358,44.47188068,15.10794564,0.493164072,2.714011264,3.00679577,7.6868442,0.408168267,0.328083721,0.994261722,0.950846572,-0.05519993,0.57107153,0.329475803,10.30711967,0.011722557,7.298805893,0.592140367,0.02932834,20.61423934,4.495688633,14.89495658,48821.71008,0.093910464,16.61768537,124.1327115,1.42266666,169.9211007,0.02452638,0.018762924,4.381595947,417014.3822,0.801795227,0.887351875,0.151624564,0.915402756,114.9145863,0.017580049,7279.215097,0.0573153,37.52385833,164.5701598,76129.27133,7302562.452,810.6301752,0.030380589,53102.21981,0.418117838,0.672494281,121.6571,0.021899919,6.474243634,0.21678157,76107.99213,6.648700054,79569.99433,0.135818117,4.988431146,57322.95728,15.62370279,122.3809274,20.4243032,2203.223085,0.269776203,0.018201606,0.216884216,34.67098497,0.006020471,97.64213303,1.29E-05,3013.677722,0.024423262,0.0404616,1
MSPA009,0.811798753,0.698164274,106.4951617,152.5359655,155.3640885,163.4778272,137.0583817,165.0151508,597934.0833,123.8285065,0.092659663,370421.0144,0.619501421,596133,8.449761581,20.26710854,142527049.5,4.028150853,5.922156334,5.086797357,60.44921875,3.738873336,14.65721143,14.83016872,4.85E-05,60.44917025,2.480592402,15.46240575,0.230845997,142527049.5,0.075062013,24.25214488,165.8788208,15097.90523,181.4728348,47.41313362,17.97516899,0.450835518,3.241277756,3.214842138,7.396768866,0.35946771,0.270501474,0.992999659,0.941453279,-0.043926865,0.531889352,0.276686944,12.59043387,0.006650699,7.848736529,0.77720191,0.015017923,25.18086775,4.763804021,16.34707565,40032.50918,0.073432457,17.22072698,176.1910928,1.302083157,228.8781604,0.0193714,0.016290605,4.507927769,460487.2913,0.844442155,0.914483848,0.105709097,0.935523108,164.9554702,0.015612857,9301.434002,0.053271903,27.95918103,181.7840701,487.0037456,87555.46006,2.961721876,0.026528213,67091.37722,0.384250999,0.644288881,120.2289383,0.019367059,6.61955592,0.292892693,475.3468496,6.647874853,102568.3991,0.172056234,3.177853172,44746.94309,16.66939882,176.0321069,13.56828929,2374.399703,0.132972097,0.015780502,0.270815132,49.40643236,0.006832425,85.11857621,1.28E-05,3092.433968,0.033156083,0.02571153,1
MSPA010,0.742785502,0.610294244,103.4960078,169.583785,152.1906699,179.4714462,142.2743828,183.1119876,621826.875,125.964377,0.088755185,396950.8333,0.638362299,616553,8.180047035,22.56051598,172783332.4,4.001389622,7.110924721,6.997710571,76.24887085,4.632886566,15.50924649,15.21967316,0.00121805,76.2476528,2.983092615,16.74039554,0.977308777,172783332.4,0.077716701,39.70411634,120.8818258,20931.25827,421.4935541,48.55300075,18.26090892,0.453770645,3.204145368,3.208596529,7.933975154,0.363985719,0.275759213,0.992939688,0.942230315,-0.04248308,0.523452787,0.282014324,10.64465521,0.007150032,7.794171113,0.613641013,0.01617412,21.28931042,4.735809203,16.70347742,42732.26019,0.075889776,17.81245833,132.0081398,1.307017559,168.857343,0.029512418,0.024444666,4.489059952,474489.6742,0.842446533,0.913268296,0.107523038,0.934618495,124.1288506,0.023336267,9554.14191,0.053577432,30.90124285,153.7772818,1405.142779,146714.541,14.18555458,0.037689317,70601.31936,0.39591597,0.654213796,107.7793148,0.026809069,6.594561521,0.289227366,1393.18856,6.635364673,104342.5886,0.169235392,3.276650991,47916.46499,17.14806675,130.9859428,13.87183421,1662.119698,0.219485931,0.023772378,0.270307496,41.35251394,0.00954798,102.3590619,1.22E-05,3558.735975,0.03141166,0.032189313,1
MSPA011,0.83906636,0.638685943,107.0142211,167.5537442,155.2063143,170.4230031,149.966663,175,649415.4167,140.5887103,0.087762273,413229.5055,0.636309972,643575,7.033435345,21.34532356,162598683.9,4.297539826,6.839941978,5.226936313,59.69737244,4.481226145,14.71692636,14.8724184,0.000208575,59.69716386,2.899684919,15.89494137,0.461168535,162598683.9,0.062923817,36.06123968,178.010493,33759.01447,453.1580548,70.62222088,25.59405608,0.468294137,3.799787124,3.442068549,11.05489274,0.334369347,0.244200639,0.990189197,0.932674774,-0.045902663,0.555855923,0.25069697,12.91329261,0.005057944,8.318561296,0.646089578,0.012362476,25.82658523,5.027886391,24.05406924,36592.24783,0.061495322,26.14075104,190.1703547,1.261699969,238.9470356,0.030147944,0.025897552,4.732497497,512892.5794,0.861763854,0.924577914,0.091465552,0.943339538,179.6083649,0.024950842,10351.67757,0.046056583,39.48946908,197.6516506,216.8493015,36665.21143,1.566058691,0.037811711,92136.45661,0.409932624,0.665683648,136.229482,0.027059542,6.682521356,0.349236686,208.6503129,6.805041122,120517.6009,0.187262714,2.870965822,40496.19557,25.35641001,189.8851292,11.6383343,2178.964975,0.177216544,0.025184041,0.314693603,62.74955647,0.011369407,89.05118505,1.22E-05,3887.284941,0.054831123,0.023123735,1
MSPA012,0.7604939,0.71536466,116.3843205,162.692298,169.3310367,170,142.3024947,173.7958573,667783.7083,123.7265002,0.10271345,359705.7294,0.538656042,663971,8.923445702,21.60549164,174328470.5,4.103853891,6.359539986,6.453101729,62.241539,4.046441191,15.27480345,15.06087112,0.000479842,62.24105916,2.660777622,16.20352876,0.765773153,174328470.5,0.071660455,29.23472376,170.4949075,27933.04462,478.5819505,55.3592163,20.01255794,0.4692788,3.428766507,3.286783071,8.195234658,0.347169594,0.256500649,0.992233041,0.938365726,-0.043121908,0.535287709,0.263572954,12.7144844,0.005968004,8.013678921,0.799991928,0.013418348,25.4289688,4.841449782,18.84294356,42792.29426,0.07021419,19.53104203,183.0266678,1.287301538,232.0514034,0.016784883,0.013932852,4.568680277,518016.6591,0.849808297,0.917888791,0.100003696,0.938011468,172.4086923,0.013306774,10336.56111,0.051485616,31.1248046,202.8621181,337.8674925,52506.90367,2.391303457,0.020757098,79610.32029,0.396532881,0.654813381,138.4573429,0.015235497,6.652009745,0.30237164,326.9299969,6.683711449,117642.5715,0.177180286,2.966720811,47580.46387,18.94166329,182.0325014,12.79426511,2175.477095,0.124928371,0.013609901,0.281288614,56.69255751,0.005619279,94.30011649,1.12E-05,3530.2917,0.037046256,0.02446759,1
MSPA013,0.774832086,0.674284895,108.2990035,160.613124,161.245155,170.2057578,139.0863041,171.505102,608373.4167,124.4482019,0.093474684,371452.775,0.610567071,604226,8.258758545,20.14468098,138952753.2,4.331797189,5.893750429,4.165252121,49.46115494,3.75038036,14.34339279,14.35734367,0.001816107,49.45933883,2.472684811,15.16470176,0.231452495,138952753.2,0.061021228,24.23526269,237.2367843,22368.4948,222.623093,69.97254972,26.45955888,0.451646175,3.908298455,3.470320162,11.08759263,0.32576222,0.234190728,0.989848001,0.930807416,-0.043195988,0.544820656,0.241156451,15.04520829,0.004525077,8.43319982,0.507507736,0.010612863,30.09041657,5.076329019,24.10802715,33575.11452,0.059880916,25.5693242,250.1341149,1.247882707,311.0080683,0.014308174,0.012475169,4.750673606,486319.9262,0.867183427,0.927954237,0.086196716,0.945774466,236.8276137,0.012063778,9925.989879,0.045477616,38.62356295,258.1792395,110.6297598,27084.18822,0.53540102,0.019203449,89121.44869,0.408325119,0.664472465,176.3952424,0.014767291,6.731080431,0.361224112,102.9659179,6.797014818,117451.421,0.194383262,2.62012153,36870.6125,24.8482561,249.7993036,10.87534135,2679.508879,0.07891383,0.012114617,0.323616041,84.13754367,0.006157894,75.64152343,1.28E-05,3520.058193,0.057678363,0.019623209,1
MSPA014,0.818431371,0.70858128,110.9405692,156.5671749,157.2800051,165.6411785,143.8401891,168.4695818,623266.0417,128.1394877,0.096061157,367326.2397,0.589357056,621767,9.071629715,20.86699524,153526032.1,4.173929571,5.82730341,4.361694412,54.99277496,3.728444618,14.92596022,14.76532078,0.000641928,54.99213304,2.448176522,15.71365373,0.38130356,153526032.1,0.068454676,24.13462502,205.9810181,16628.0621,247.5094842,57.98202771,21.19963475,0.464775186,3.490685736,3.318836455,8.929982035,0.346774069,0.256764256,0.991804023,0.937485137,-0.047379621,0.557576943,0.263555215,14.02801434,0.005621687,8.13180916,0.562387165,0.013081782,28.05602869,4.928069881,19.79541561,38328.08143,0.067083068,20.64077464,218.8265685,1.283915763,278.1018529,0.013654178,0.01137084,4.633838338,486817.965,0.851832318,0.918910386,0.099122367,0.93888961,206.0501794,0.010869371,9676.571574,0.049587334,32.33825823,235.6928852,212.5066926,42738.84173,1.208423903,0.016521866,78169.89108,0.400579532,0.658128349,161.4791853,0.01196363,6.680319934,0.313850687,202.3546406,6.760396792,110688.1471,0.178021907,3.01414087,42562.85869,20.03104853,218.02081,12.67585607,2646.313434,0.09924811,0.011106415,0.288979125,68.18770078,0.004586868,86.12454771,1.23E-05,2968.689613,0.045485482,0.019253963,1
MSPA015,0.81181537,0.677723217,109.3602636,161.3641982,153.0261416,181.664526,146.7685252,183.7117307,517429.9583,130.9979363,0.077136087,404073.995,0.780925009,515929,6.026722717,23.30185585,139844111.8,4.33378748,8.536373138,5.397281107,69.70407867,5.460949264,14.77491186,14.33920479,2.78E-05,69.70405084,3.585117969,16.46368782,0.887534557,139844111.8,0.059835891,52.7549963,137.9468056,41563.79252,788.435185,82.76556735,23.57524163,0.556800985,3.703043056,3.388516888,9.739369834,0.333870556,0.242312508,0.990922974,0.93400157,-0.062663728,0.633753035,0.248879846,11.09723734,0.00447053,8.372510097,0.640175095,0.010105252,22.19447468,5.129233492,26.58520225,28338.80049,0.059087971,27.76057569,151.4212933,1.241162118,184.3683745,0.044370292,0.036518486,4.740124586,417214.9234,0.869682004,0.929594815,0.083437033,0.946870822,144.1248921,0.034772078,9272.746947,0.048920052,37.81425727,170.74701,44.85093037,5799.053469,0.88719902,0.042263308,72203.94274,0.380924947,0.641241245,117.467406,0.027669816,6.754778196,0.367393575,37.44231779,6.801745967,103178.2583,0.199985382,2.427700944,30871.07128,27.1949188,150.3998457,10.43962832,1427.712945,0.336091198,0.036249303,0.321228548,55.3594383,0.013113695,85.60941666,1.59E-05,3683.004112,0.058152289,0.031874268,1
MSPA016,0.862100825,0.701742489,111.9617811,159.5482429,153,166.0120478,147.2718575,169.4343531,648564.0833,137.5466718,0.094747741,382428.7386,0.589654513,651268,8.137545681,22.95432262,184490776.9,4.447702324,7.050608873,5.301481446,56.80425644,4.693059514,15.5862694,15.27141333,6.04E-05,56.80419601,2.983984782,16.83090466,0.776272042,184490776.9,0.057522642,40.3475579,217.6460598,49130.55276,801.1706872,94.6042578,29.05421366,0.530621689,3.983467608,3.506638857,13.03872082,0.327499514,0.236957356,0.989023557,0.929985535,-0.059801225,0.628092661,0.243466235,14.18656031,0.004209102,8.615348798,0.565934879,0.010518081,28.37312063,5.24234466,30.91461786,34023.48451,0.056424862,32.24172772,234.9899281,1.256199845,290.1068983,0.019885131,0.016759859,4.876563382,520824.2846,0.8635224,0.925854227,0.0890958,0.944130992,222.9234615,0.016063599,9794.213004,0.042792287,48.48118234,262.4762625,89.43930828,17704.74422,0.667491455,0.022848686,90809.94715,0.396761363,0.654892978,182.1274757,0.01624128,6.919373312,0.351434433,81.34254616,6.954281613,124211.8176,0.190723047,2.699546289,37462.65625,31.32632359,233.5435028,11.27150113,2422.891028,0.134149944,0.01642982,0.313722172,82.6905533,0.006950623,82.99631095,1.27E-05,3631.259745,0.069443591,0.020740535,1
MSPA017,0.808781832,0.661257424,103.5797252,156.640548,155.1676513,161.6168308,139.0035971,166.0511969,491469.625,126.6880293,0.084451262,356622.7961,0.725625304,491265,7.395416927,23.34843712,142062024.6,4.277446323,7.76866436,6.36312306,68.99201202,5.123371109,15.50618709,15.09266472,5.55E-05,68.99195652,3.272038323,17.00517431,1.024440695,142062024.6,0.064077697,48.73411497,153.2519691,41543.18707,811.3841493,76.59841311,24.30576797,0.518769424,3.677606217,3.392119594,10.70196707,0.338419947,0.247721119,0.990739649,0.934651009,-0.05391713,0.597990735,0.254498827,11.83967981,0.005073216,8.298439742,0.586330341,0.011970167,23.67935962,5.051519014,25.22604527,28621.26863,0.062903027,26.39283449,164.4341257,1.254692485,202.9182712,0.030989765,0.026448067,4.703947865,393253.5813,0.86411758,0.926185382,0.088558594,0.944415529,156.0111231,0.025431356,8335.336476,0.048207887,39.87256033,184.2133901,117.9527426,16790.08207,1.105287492,0.037236782,70268.88849,0.406404065,0.662985776,130.9749731,0.026527208,6.699484325,0.351956683,109.8799914,6.778423851,93680.0436,0.190691467,2.689764436,31479.12962,25.65964116,163.4626709,11.21137675,1700.497159,0.191334116,0.025826458,0.316748959,58.96850499,0.011333143,77.31468641,1.58E-05,3819.685099,0.053708865,0.03360287,1
MSPA018,0.789346387,0.622587044,98.76419494,158.6351594,145.9075049,159.8405455,143.2236014,166.838245,383848.75,125.2180898,0.079376637,321784.2991,0.838310139,389135,5.34466238,24.00409431,121048189.5,3.724244019,8.830984116,12.6913242,116.3820419,6.123871895,15.21433544,14.48899269,0.000150668,116.3818913,3.741645032,17.6371741,2.019842052,121048189.5,0.094646144,79.59390725,58.90184492,24043.68979,591.0194229,44.36717018,10.79074567,0.608318962,2.324920314,2.802752491,5.33469935,0.437260675,0.361899493,0.99584178,0.957259952,-0.089216566,0.684480782,0.356895351,7.106848298,0.012286381,7.0572857,0.678523012,0.029956373,14.2136966,4.512265606,13.78947896,31681.04738,0.092245819,15.48346006,65.78636034,1.449100223,89.28449329,0.119075711,0.076267188,4.337417403,273373.2741,0.795452928,0.882551142,0.163615584,0.912217055,61.06936654,0.069124834,5425.825092,0.065885772,31.73220447,97.19274577,11991.54334,585492.4038,387.3811469,0.089959823,30945.57339,0.375771971,0.637097847,71.58572618,0.054410838,6.485043642,0.211628355,11969.21521,6.714056433,51721.05231,0.132912877,5.695283373,36830.12728,14.73286232,64.2825806,22.12752644,1131.943783,2.418312542,0.077636313,0.20606427,19.45376362,0.016896617,86.47893794,2.14E-05,2929.662484,0.019444896,0.089610543,1
MSPA019,0.782344713,0.713178427,113.6251404,159.3221781,164.2345883,170.7512811,140.6022759,172.5717242,630312.7917,124.6448636,0.091652239,387892.8655,0.61539742,630376,8.889035225,23.20248795,193508602.6,3.795371995,6.706159115,9.571501906,89.25756073,4.716939568,16.15462611,15.63347197,0.000755941,89.25680479,2.851995047,17.5206536,1.514655008,193508602.6,0.093586351,46.0013578,99.75615042,24965.83416,592.0895308,46.15851131,12.68175136,0.569774983,2.545656001,2.929047342,6.152171728,0.419784383,0.341824864,0.995096952,0.953499424,-0.071302928,0.636634748,0.340941184,9.559647421,0.011122665,7.316139723,0.682421505,0.027875012,19.11929484,4.589581007,14.71006567,50207.91237,0.09022121,15.30729994,107.0044445,1.443344935,149.4078006,0.036932445,0.028139072,4.419883565,442167.0042,0.79415434,0.882769844,0.158865011,0.911699126,98.48854659,0.026323134,7227.280316,0.056847291,30.6716146,134.2866716,43322.07969,3623393.64,531.554933,0.045932385,50497.27388,0.397194116,0.655319826,94.85631363,0.030471366,6.551729976,0.201681219,43297.49476,6.755360167,83689.63923,0.132761462,5.184830289,58994.58947,14.50857288,105.7116546,21.57100524,2042.584826,0.403764342,0.027201751,0.202926485,26.49380455,0.008192378,117.3330751,1.28E-05,2403.89491,0.02477898,0.032630551,1
MSPA020,0.871104009,0.686433411,105.1541439,153.18914,145.9075049,158.3824485,145.6193668,163.3156453,523292.9583,133.443674,0.088934554,353110.138,0.674784807,522635,8.346830368,21.63051796,137694694,4.181256916,6.584186077,6.536371314,62.39044952,4.287463216,15.14884737,14.94072437,2.66E-05,62.39042295,2.761944695,16.23152621,0.886566831,137694694,0.068767949,33.97486657,168.5633698,30023.52022,539.696291,61.30904911,22.56152182,0.46205053,3.562538739,3.346742195,9.769069236,0.34380803,0.25351711,0.991351192,0.936430884,-0.043988386,0.536411502,0.26016197,12.60461819,0.005758096,8.116077668,0.578843215,0.013197945,25.20923638,4.902626153,20.96764273,32447.08067,0.067300503,22.64641188,182.7477705,1.269604255,228.2547239,0.02024262,0.017029088,4.627159632,413684.049,0.85781542,0.922476269,0.093909985,0.941574548,172.8587957,0.016315728,8630.081629,0.049467678,36.6499546,204.1991241,315.7202495,47846.16646,2.277509853,0.02428117,68928.94104,0.39510109,0.653411339,141.0887598,0.017380124,6.702023218,0.333806576,306.7457503,6.708004576,96392.4721,0.184435547,2.863100508,35940.53713,21.88624982,181.6801133,11.9570465,2018.922288,0.138088409,0.01664221,0.301183734,61.5956842,0.007050941,75.86346737,1.48E-05,3407.662999,0.045810405,0.028653194,1
MSPA021,0.783823094,0.632965619,107.3825132,169.6498357,173.8073646,182.0027472,139.1869247,185.0027027,610356.3333,132.9754591,0.089299227,389665.5955,0.638423121,611385,8.338735771,23.48927536,179927777.2,4.248746242,7.330909729,5.379908522,66.96367645,4.8391391,15.86637763,15.42597961,0.000820311,66.96285614,3.095988685,17.15503932,0.846364569,179927777.2,0.065702704,42.55343486,165.7394724,35339.17891,720.8415188,74.78456692,20.79792767,0.56532688,3.423056007,3.295945698,8.994998502,0.351613727,0.262118876,0.991986942,0.9386724,-0.066524678,0.647399018,0.268575355,12.33866572,0.005463389,8.207471106,0.665466922,0.012853036,24.67733145,5.04150684,23.89562365,36190.41385,0.064466194,24.42433825,177.3244791,1.286379203,224.2563282,0.023511627,0.019369395,4.710124739,477555.802,0.850445493,0.918212432,0.099745967,0.938267469,167.1656038,0.018454766,9287.206083,0.048770171,36.11196502,197.958441,203.9317695,27655.31681,1.903140417,0.027009609,73848.19464,0.387801136,0.647359608,135.2029478,0.018685254,6.783447777,0.311469859,193.6239229,6.856879693,108522.1809,0.177502197,3.018261909,40169.64764,23.7983359,176.2490231,12.7931189,2088.320716,0.180871102,0.018980309,0.284327609,56.25413043,0.007291944,85.46065328,1.34E-05,3465.005847,0.04577966,0.028114407,1
MSPA022,0.82382178,0.676117507,109.0846019,161.3397091,167.0269439,170.6018757,141.0319113,173.5194514,595510.4167,132.9151664,0.09340456,366473.2568,0.615393529,595799,8.775256538,21.92416992,164393401.6,3.928991387,6.434422016,7.477755225,73.08642578,4.201446263,15.59370249,15.59229088,0.000112971,73.08631281,2.707746955,16.61086719,0.750356314,164393401.6,0.081924385,32.75735148,131.961924,21717.1366,374.6040554,45.78407094,14.9911056,0.507103035,2.9334846,3.089282303,6.323928645,0.380656992,0.294637674,0.994146409,0.946608609,-0.05343896,0.572710061,0.299433399,11.14736154,0.008044494,7.62585714,0.839339635,0.018899333,22.29472309,4.68392385,15.19379414,43031.05965,0.079858542,15.9663606,140.674648,1.344443005,187.1593355,0.027574547,0.022342507,4.454449203,446184.6704,0.827750454,0.904389671,0.121054065,0.927804675,130.9126256,0.021215139,8518.910515,0.055986531,27.13268759,153.2314472,1561.389202,203478.8761,12.74855335,0.035195941,58501.91092,0.384476281,0.644466887,103.0914352,0.023863422,6.58267215,0.255388143,1546.057212,6.670643663,93946.1109,0.15768088,3.732528538,48810.46664,15.39390689,140.1382547,15.88380813,2143.919698,0.226253121,0.021675262,0.24352253,37.16584849,0.007796126,91.90179149,1.29E-05,3093.918884,0.026724722,0.032891908,1
MSPA023,0.803448809,0.66214949,107.3999099,162.1988863,155.2353053,169.5317079,144.5164351,174.4620303,564729.9583,130.3185021,0.088622057,372823.1309,0.660179481,563769,8.870689392,25.03222733,191141017.2,3.880811738,7.811062813,8.364717434,92.91196442,5.215272891,16.94107509,16.39453506,0.000248157,92.91171626,3.297927674,18.41307621,1.283319842,191141017.2,0.085435086,52.04135003,101.9043461,26771.33269,619.126098,50.23455306,11.78701865,0.62050622,2.593539457,2.928401001,5.007273368,0.405483415,0.323262496,0.995377335,0.952331368,-0.080357936,0.672360511,0.325883605,9.606894416,0.009267114,7.449619711,0.79553462,0.022151008,19.21378883,4.681548681,15.50539293,41973.70786,0.083274926,15.69995347,108.5561873,1.390419761,147.4570741,0.035716055,0.027732749,4.448977588,409062.3628,0.811176202,0.894035023,0.138217492,0.919943968,100.5264202,0.02604684,7313.753254,0.058723781,26.27049503,127.0155446,8121.862901,649226.6419,105.9875325,0.043042096,45738.79765,0.367247161,0.629583491,83.96618817,0.028335505,6.627274214,0.220914949,8101.372531,6.742533558,82692.66668,0.146678279,4.22143016,48165.65306,15.14429842,107.6410019,18.32212662,1809.694048,0.357288018,0.026987933,0.215134165,26.71773168,0.008337493,94.93713444,1.47E-05,2840.123202,0.022879583,0.044515452,1
MSPA024,0.862641086,0.675897213,103.7789923,153.5425658,151.9539404,163.7833935,142.3411395,166.1926593,571044.9167,132.4521257,0.095390473,348946.8654,0.611067282,569042,7.922011805,20.18848782,133940099.7,4.270414842,5.972720623,6.15107298,54.44944763,3.964762927,14.35146943,14.29790354,0.00014315,54.44930448,2.516516317,15.34204131,0.728095158,133940099.7,0.065466198,29.41355665,194.6915387,29913.77505,436.1512471,67.20737053,27.02742708,0.426438396,3.850757196,3.459101457,12.0928857,0.332189961,0.241458277,0.989758871,0.93201683,-0.03978981,0.518779691,0.247720891,13.58846577,0.005202399,8.304848229,0.473051105,0.012479639,27.17693155,4.989091691,23.5586994,33679.34484,0.063988492,25.77010285,213.2379513,1.259751497,264.3037096,0.020010167,0.016925653,4.706646366,453834.8739,0.862078542,0.924944299,0.090463305,0.943499509,202.1118574,0.016238627,9116.649588,0.04622063,42.22394778,238.8359781,146.5719472,28082.68826,0.933771788,0.023668406,80635.68947,0.40881602,0.664873068,169.0584044,0.016892699,6.74566968,0.346621163,138.2487564,6.760497837,107120.8804,0.188247757,2.787257551,37253.0164,24.87443336,211.9978631,11.49830417,2267.588846,0.132090657,0.016555443,0.31337525,75.27738095,0.007113411,76.8366294,1.34E-05,3723.452813,0.054560453,0.024385559,1
MSPA025,0.755623326,0.691224627,110.8502007,160.3678405,165.1302516,169.2483382,142.2849254,171.6741099,628944.0417,121.177681,0.101215201,350735.4978,0.557657716,625091,10.18541527,20.08102608,157452237.7,4.019345197,4.936573982,5.371331739,52.33572006,3.179930768,15.28840347,15.37538815,0.000736392,52.33498367,2.068219351,15.87094533,0.203195778,157452237.7,0.077204353,18.151625,233.4941529,14044.78665,163.215128,46.00017886,18.99882127,0.415827452,3.301204555,3.246758557,8.037457798,0.357615539,0.268713071,0.992630604,0.940563816,-0.038300976,0.501421544,0.27492614,15.05801018,0.006925934,7.852081731,0.694157712,0.015777651,30.11602036,4.732452185,16.24975003,42997.40022,0.075322096,17.28252074,245.1278941,1.307094546,319.3305181,0.010379841,0.008638441,4.507862589,480946.7203,0.842307693,0.913216328,0.107490932,0.934563814,229.3257452,0.00825934,9469.436545,0.052586654,30.03136784,253.2318782,884.132574,207238.2808,3.906270212,0.013964955,71746.08893,0.398427798,0.656370418,169.8252697,0.010527774,6.615936817,0.288074856,872.0825117,6.640286955,105745.7689,0.169168599,3.279330177,48259.74653,16.64819826,244.818524,13.88331139,3358.897501,0.077244267,0.00838527,0.270222322,68.51966599,0.00362649,72.81123597,1.19E-05,3188.339471,0.031326925,0.023107146,1
MSPA026,0.850777587,0.672575887,109.4902538,162.7924165,157.4325252,170.0735135,146.7548977,173.738309,611159.7083,138.5001393,0.081428966,427702.3949,0.699820995,607325,7.842647743,22.20280113,163335725,4.17472187,7.076836586,4.855585986,65.70041656,4.500048448,15.29043544,15.32185936,0.000102173,65.70031439,2.973176915,16.39947756,0.408780288,163335725,0.067540649,35.14544822,160.4368231,24097.96671,359.7884286,63.00879442,19.0309872,0.536816285,3.347640713,3.254261505,7.740206541,0.352766939,0.263062248,0.99259381,0.939679921,-0.060908424,0.620840918,0.26948072,12.22464357,0.005586468,8.094712011,0.744973556,0.013238313,24.44928714,4.974132507,20.50994541,37060.58185,0.06633734,20.95576907,167.8586763,1.280190099,214.4406335,0.026453809,0.022396422,4.627313293,476942.6687,0.85346847,0.919870428,0.097775855,0.939612391,157.8143851,0.021498916,10012.85251,0.051468318,30.38812909,171.3095238,218.2106619,36348.57422,1.623018056,0.03374838,74399.5256,0.382430327,0.64266639,112.7875416,0.023988978,6.679612822,0.320329313,208.4651055,6.762238945,109682.6413,0.180599582,2.949835537,41019.12474,20.42319137,167.7329371,12.45699914,2075.161368,0.17153113,0.021774763,0.289205971,49.88989768,0.009354436,87.44093032,1.31E-05,3356.368371,0.040093052,0.027077823,1
MSPA027,0.809436092,0.648030959,102.201609,157.7109974,147.1054044,164.693655,138.6217876,167.8392088,561472.875,127.6569733,0.095895479,343219.4138,0.611284051,561416,11.74356747,27.52102661,240994545.1,3.884101787,7.336230516,9.131286531,90.84528351,5.151139286,19.38085087,18.52900028,0.0021949,90.84308861,3.129013681,20.71863853,1.562932499,240994545.1,0.08819624,53.644602,134.3083975,29583.80827,698.3951855,52.36770059,12.3619169,0.618623192,2.534725769,2.922155254,5.87222702,0.42016825,0.342323745,0.995196037,0.953636272,-0.084392435,0.681232739,0.34161078,11.14929293,0.010341948,7.42026376,0.726531884,0.02549631,22.29858587,4.686845419,16.18240437,42242.13049,0.085275552,17.18903494,142.88067,1.447143721,199.5164988,0.019888,0.014713844,4.509457075,393516.5164,0.793861794,0.882290905,0.160765237,0.911474485,131.5846148,0.013667495,6078.49295,0.053170862,33.71117814,182.4749913,19435.21636,2051413.128,189.3630336,0.02196767,45037.36132,0.393958724,0.652559519,127.8527955,0.015137087,6.668437041,0.203627969,19411.09925,6.86546947,74154.14285,0.132084128,5.262417513,49514.78048,16.32948733,141.0145703,21.74956182,2731.512882,0.2447687,0.014355879,0.203197205,35.84106171,0.004101294,78.36316305,1.51E-05,2697.409387,0.023384293,0.043664871,1
MSPA028,0.780152105,0.649142141,107.7755167,166.0276075,176.0823671,174.1522323,137.3608387,176.6691824,616170.375,129.5267876,0.095433088,366932.0845,0.595504262,616227,10.98634338,22.49661865,191684379.9,3.791367654,5.136000156,9.710483357,72.49351501,3.828621922,16.70704034,16.13511276,0.002312633,72.49120238,2.210677075,17.63693038,1.637463137,191684379.9,0.097601431,31.93611641,151.4812964,22366.36916,571.7401134,45.15972828,13.9625592,0.528142284,2.612191943,2.967410597,7.079964968,0.419197279,0.341819981,0.994642291,0.952549165,-0.064086596,0.606773387,0.340000504,11.98674153,0.012159072,7.295873338,0.616075935,0.030740036,23.97348307,4.537825383,14.78057187,50692.15252,0.093348703,16.26136409,161.5418188,1.453612476,228.1751743,0.015707162,0.011707071,4.428942781,430814.2348,0.79288537,0.881184893,0.164291755,0.911003842,148.4293979,0.010905474,7073.178102,0.054638544,35.75031532,201.0859224,86498.15195,11407408.22,666.5700166,0.018357684,53428.14804,0.412719175,0.668029353,144.8600769,0.013172345,6.546236391,0.210075183,86475.49244,6.744187664,79683.12993,0.12930808,5.595523561,60144.63672,15.27508735,159.820584,22.31702116,3272.233494,0.191604654,0.011372821,0.209194677,41.09571615,0.003545776,86.09580755,1.28E-05,2589.514077,0.023828249,0.033394325,1
MSPA029,0.79853113,0.662275052,107.352106,162.0959535,172.4093965,173.2772345,137.2333779,174.4620303,592060.625,129.4386649,0.097151628,350976.5978,0.592805167,589987,10.50769672,21.1515934,168962981.1,3.6797967,5.172894478,12.02176931,74.21491241,3.594550365,16.08135571,15.838974,0.004775407,74.21013701,2.178566165,16.92289113,1.61236021,168962981.1,0.102036373,27.77424268,136.8200596,27809.3198,647.3299196,42.18046455,9.50303471,0.633077862,2.280017808,2.778081236,4.259576633,0.437063753,0.36164409,0.996267937,0.957807612,-0.081432929,0.661202255,0.358713984,11.34242218,0.013431562,7.015781705,0.860174729,0.031925705,22.68484435,4.429586589,12.92087481,50543.96743,0.098138417,13.42167791,141.6503711,1.493572424,209.3672319,0.018541362,0.013829058,4.345102942,401982.912,0.779947061,0.872897721,0.179263094,0.904598029,128.5282833,0.012896803,6450.314382,0.061325851,27.60837872,152.7607838,91193.61743,11660529.5,724.2027803,0.02633396,40685.17319,0.386811051,0.646444215,101.1432052,0.01930213,6.492712243,0.178276809,91162.15369,6.691695348,73833.96258,0.125145067,5.706969852,60200.13363,12.69118789,141.1027735,24.23706116,3314.67612,0.224526353,0.013295588,0.182849998,27.59271306,0.004326581,78.90060515,1.40E-05,2503.300655,0.016331612,0.045339247,1
MSPA030,0.782695288,0.672676078,108.2521168,160.9275554,175.6416807,174.1034175,135.0740538,175.9687472,624953,125.9572393,0.095039246,371945.5603,0.595157652,621975,11.41187725,22.05841789,194981052.5,3.895170269,5.007502556,8.605698029,63.75391769,3.568352223,16.9354863,16.65156555,0.006133226,63.74778447,2.125806016,17.70556299,1.28510957,194981052.5,0.089283548,26.6762647,195.7129696,17553.65455,418.0418354,45.99022009,16.93522475,0.462458985,2.850878831,3.081433333,8.73998012,0.403245306,0.323404867,0.993574198,0.948694065,-0.056324214,0.581035134,0.32385699,13.72767899,0.010156234,7.513447666,0.53590438,0.025222177,27.45535799,4.633175664,15.73136121,47542.91817,0.085928926,17.50248746,207.6691047,1.414588842,288.7777573,0.01129047,0.008637696,4.495224031,446133.6041,0.805966644,0.889513491,0.14956884,0.917366638,191.5074523,0.008098499,7440.178554,0.051539059,38.41392511,242.0782211,25903.1324,4634700.272,147.4807902,0.013528791,61009.52495,0.422620705,0.676161937,175.8047563,0.010133387,6.583922056,0.232099361,25884.56923,6.784592122,85006.08645,0.136671227,5.115314397,55532.13468,16.49338906,206.3342691,20.1127264,3951.134729,0.126010366,0.008395829,0.228166918,54.87262089,0.00291785,74.71708763,1.27E-05,2791.527181,0.027048965,0.028982068,1
MSPA031,0.769305388,0.619840318,106.8614526,172.4015838,175.2312757,184.7159982,141.2409289,187.2111108,700005.4583,132.6294673,0.091776393,415420.0226,0.593452548,697345,11.32497158,22.03812218,214080379.9,3.782466831,5.149912834,8.616718094,67.95519257,3.497848876,16.8134056,16.62887573,0.002381418,67.95281115,2.175493395,17.52122988,1.090261018,214080379.9,0.09377114,24.30288871,173.7529472,19058.36648,422.954885,40.68932687,11.52355488,0.559338566,2.480634314,2.890300054,5.320518787,0.421571004,0.343483193,0.995504951,0.954457133,-0.071507949,0.635081547,0.343060884,12.90198952,0.011268521,7.25352281,0.766766324,0.02716671,25.80397905,4.540114543,13.05322044,55756.31011,0.090708199,13.9115561,179.0502954,1.451787484,259.3603571,0.012973342,0.009758793,4.409098237,487643.5598,0.792878402,0.881408992,0.163131023,0.911015848,163.2860157,0.009112089,8056.773066,0.057991601,28.10350173,189.016735,35357.4219,5916042.245,215.3787571,0.016447629,55281.15966,0.397906569,0.655855252,128.6130422,0.011971707,6.515684832,0.199227068,35332.22754,6.745514701,91630.34699,0.131398873,5.288605362,65390.83549,13.23805341,178.8635424,21.96248485,3925.747294,0.151952658,0.009452533,0.200901858,37.95272261,0.003035615,83.36994642,1.18E-05,2581.545931,0.018700889,0.031573409,1
MSPA032,0.782672833,0.679332962,112.714525,165.9194111,167.7200048,172.9768771,146.013698,177.3696705,643383.9167,129.8606156,0.094343792,382018.3829,0.593764272,643890,11.71994133,24.63314762,234629278.6,3.956142627,6.194521666,8.258602764,72.14340973,4.239852788,18.13248141,17.63208294,0.000563661,72.14284607,2.619643323,19.08909163,1.300722513,234629278.6,0.083252554,35.60653686,177.6323171,16285.11159,381.7160451,48.96928373,16.99743796,0.48543899,2.817920179,3.062648137,8.976206261,0.407004989,0.327916297,0.993583712,0.949336918,-0.067740749,0.627715748,0.328365821,13.02456215,0.009195707,7.595999393,0.51260479,0.021926295,26.0491243,4.740815751,16.49168042,46027.95471,0.080534879,18.24433229,190.0601288,1.422413779,262.2717054,0.013268329,0.010002752,4.561715937,458708.87,0.802147346,0.887571097,0.151608306,0.915530997,175.5530353,0.00933805,7014.279073,0.049071149,40.18165608,237.6008563,14576.56204,2238943.506,97.24043343,0.015070531,58585.08451,0.409855007,0.665853366,171.8953915,0.010782416,6.728194856,0.221995993,14556.27074,6.879340023,87413.04789,0.135757735,5.047637611,53605.48674,17.19081854,187.9449937,20.43875507,3482.693656,0.154542073,0.009753549,0.218895204,51.01442407,0.003073848,77.94361276,1.30E-05,2724.351415,0.027217219,0.030430108,1
MSPA033,0.763176242,0.649707066,106.0423117,163.215574,171.6420694,169.1862879,138.0326048,173.2195139,575196.7917,124.5622484,0.090751097,368561.4229,0.640757091,576077,11.40475483,24.42640839,213350653.2,3.792009182,6.197120667,9.712106028,82.97143555,4.334899221,18.20073618,17.85872841,0.003573452,82.9678621,2.623611706,19.24450391,1.435535167,213350653.2,0.094499886,39.0841336,138.0219538,14410.06098,360.0638106,40.40620045,14.12558828,0.482747872,2.653747104,2.978754531,7.018088773,0.412039663,0.332651959,0.994593957,0.951769408,-0.057210772,0.576290826,0.332970052,11.46524158,0.01119979,7.315188335,0.539355009,0.027290952,22.93048317,4.542287864,13.63294718,46529.1457,0.090963057,15.17548616,147.0240607,1.420503073,204.0987595,0.017946841,0.013718259,4.39820114,410730.0895,0.802526836,0.887888118,0.150664692,0.915722556,135.5562698,0.012850284,7040.051957,0.055513472,33.97576852,178.0702193,10429.46961,1337153.012,83.7544966,0.021851364,50554.50462,0.398641386,0.656518018,127.1517412,0.015604091,6.596110417,0.220138974,10408.83453,6.683459169,78851.24347,0.136876222,5.012229132,54439.2109,14.27273556,145.7713552,20.33874118,2762.087726,0.199096962,0.0133188,0.216464096,38.03817317,0.004377175,81.53820102,1.37E-05,2797.55604,0.021392659,0.039654776,1
MSPA034,0.80798747,0.684706044,109.8076104,160.3719019,170.6956356,169.4343531,142.1724305,171.9941859,625745.625,129.5784873,0.096501138,366620.6355,0.585894045,626032,11.2096652,21.03766689,176550692.2,4.171942559,4.727525949,5.666733998,47.07785797,3.155436933,16.23151791,16.18970013,0.003376248,47.07448172,1.998285843,16.79331545,0.432890756,176550692.2,0.070969056,18.55327008,321.6178181,18740.23347,225.2424958,56.97859952,22.53851974,0.433697149,3.485861242,3.33285033,10.2943208,0.353400006,0.265173793,0.99139372,0.937906218,-0.044704019,0.540942057,0.271071093,17.69202468,0.006237372,8.086006654,0.477767941,0.014886131,35.38404935,4.895156459,19.87927981,39607.63381,0.069154907,21.88855574,336.1287166,1.301776291,435.7855905,0.006473868,0.005335227,4.655418632,484525.6415,0.845737872,0.914852227,0.106336454,0.936075746,315.0628325,0.005090166,8952.827145,0.046994988,39.38818121,351.8378686,631.9594658,206433.128,2.011620331,0.00795363,77790.53206,0.408336389,0.664588857,242.0155557,0.006049024,6.755795856,0.304307128,621.1606596,6.784306337,106564.5764,0.170222251,3.346762673,44428.90001,21.00762388,335.5982202,13.67554374,4537.39532,0.051009733,0.005204251,0.282292423,99.85282328,0.002205156,60.98909127,1.26E-05,3014.383748,0.04170436,0.019017396,1
MSPA035,0.813150668,0.68964294,109.8974256,159.3540935,160.853971,166.1715981,144.2809759,170.8888528,588337,129.5788875,0.086361626,393170.3449,0.668274042,585102,9.998387337,22.41899395,175141489.3,4.04509315,5.946093798,7.251402717,64.99513245,4.01755248,16.37756362,16.1938839,0.002204272,64.99292817,2.515396735,17.30129964,0.925611538,175141489.3,0.077657145,31.1103791,178.524931,16205.39503,294.5796931,49.82645003,19.41531548,0.439496119,3.189876719,3.219690069,9.155324247,0.373108022,0.287659631,0.992576711,0.942801738,-0.047372962,0.545539213,0.29218413,13.07371539,0.007491956,7.8345308,0.457033316,0.018600665,26.14743078,4.782865758,17.31044138,40101.79062,0.075451691,19.38704207,191.0924925,1.329455981,250.2417127,0.015325834,0.012622755,4.558549267,444045.9292,0.835157995,0.908346158,0.116606648,0.931185643,178.7377686,0.012042934,8451.565525,0.050257279,36.99850682,216.0448545,1841.502028,303853.721,11.52903623,0.020195716,69220.08825,0.411617617,0.667233706,154.051915,0.015168861,6.649909415,0.287413135,1829.396415,6.75156788,93460.9696,0.15973449,3.864539898,45437.35084,18.48978083,190.0306408,15.30922813,2760.442538,0.121787577,0.012225808,0.269161735,58.29685424,0.005207602,76.26168235,1.34E-05,3195.925915,0.033754284,0.029084681,1
MSPA036,0.775639165,0.636824277,107.6008256,168.9647041,168.3151805,177.6091214,143.1258188,180.784402,657393.1667,131.055642,0.086297456,423678.3347,0.644482414,655588,13.43061438,24.49482727,272863007.8,2.692577832,5.210315943,34.55035039,158.7607422,3.999026537,19.28641898,18.56117344,0.006552404,158.7541898,2.209153516,20.40125261,3.76791105,272863007.8,0.209330059,44.24515063,45.94125635,6613.777316,214.6115687,14.66304173,2.746278889,0.685468443,1.120265213,1.962753502,1.478427846,0.603364364,0.568096572,0.998914512,0.978611597,-0.116179559,0.673123915,0.475717365,6.554540174,0.055191151,5.060808798,0.839556972,0.124042571,13.10908035,3.46167255,4.352330155,94367.69933,0.192005564,5.239660276,49.10340389,2.314770627,105.7577517,0.066910614,0.030852349,3.866225385,302749.3219,0.614223943,0.749420368,0.521472839,0.811378212,40.84447243,0.025600541,4834.2345,0.101325393,19.43409501,78.73571578,1561663.915,62024284.28,41134.70366,0.045972342,18790.29071,0.393843863,0.652400352,56.38492867,0.029989761,5.902067479,0.072774364,1561475.097,6.436937507,46599.13604,0.07107991,15.51644036,137234.275,4.47056943,47.6632504,71.99272409,3069.153903,1.953537795,0.030033734,0.083858051,5.989749505,0.003405191,145.4058315,1.21E-05,1490.720269,0.003103276,0.100566655,1
